number,name,type,type_label,runs_days,source_code,source,dest_code,destination,distance_km,travel_time,num_stops
11021,DADAR TEN EXP,MEX,Mail/Express,"Tue,Wed,Sat",DR,DADAR,TEN,TIRUNELVELI JN,1811,37:10,38
20102,NGP VANDE BHARAT,VNDB,Vande Bharat,"Mon,Wed,Thu,Fri,Sat,Sun",SC,SECUNDERABAD JN,NGP,NAGPUR JN.,579,07:20,9
94801,NAMO BHARAT RAPID RAIL ,VNDM,Vande Bharat Metro,"Mon,Tue,Wed,Thu,Fri,Sun",ADI,AHMEDABAD JN,BHUJ,BHUJ,359,05:50,13
11028,SATARA DR EXP,MEX,Mail/Express,"Mon,Tue,Sat",STR,SATARA,DR,DADAR,690,15:05,29
20174,VANDE BHARAT EXP,VNDB,Vande Bharat,"Mon,Wed,Thu,Fri,Sat,Sun",REWA,REWA,RKMP,RANI KAMALAPATI,569,08:10,10
94802,NAMO BHARAT RAPID RAIL,VNDM,Vande Bharat Metro,"Mon,Tue,Wed,Thu,Fri,Sat",BHUJ,BHUJ,ADI,AHMEDABAD JN,359,05:35,13
11080,GKP LTT EXPRESS,MEX,Mail/Express,Sat,GKP,GORAKHPUR JN,LTT,LOKMANYATILAK,1745,34:05,28
20175,VANDE BHARAT EXP,VNDB,Vande Bharat,"Mon,Tue,Thu,Fri,Sat,Sun",BNRS,BANARAS,AGC,AGRA CANTT JN,575,07:00,6
94803,NAMO BHARAT RAPID RAIL,VNDM,Vande Bharat Metro,"Mon,Tue,Wed,Thu,Fri,Sat",JYG,JAYNAGAR,PNBE,PATNA JN,264,05:40,9
11140,HPT CSMT EXP,SUF,Superfast,Daily,HPT,HOSAPETE JUNCTION,CSMT,C SHIVAJI MAH T,840,15:30,16
20402,LKO BSB SF EXP,SUF,Superfast,Daily,LKO,LUCKNOW JN.,BSB,VARANASI,283,04:40,12
94804,NAMO BHARAT RAPID RAIL,VNDM,Vande Bharat Metro,"Mon,Tue,Wed,Thu,Fri,Sun",PNBE,PATNA JN,JYG,JAYNAGAR,264,05:50,9
11416,GDG-SUR EXP,MEX,Mail/Express,Daily,HPT,HOSAPETE JUNCTION,SUR,SOLAPUR JN,383,09:15,42
20404,LGH PRYJ SF EXP,SUF,Superfast,"Mon,Thu,Sat",LGH,LALGARH JN,PRYJ,PRAYAGRAJ JN,1318,24:00,35
12001,NDLS SHATABDI,SHT,Shatabdi,Daily,RKMP,RANI KAMALAPATI,NDLS,NEW DELHI,707,08:40,11
20407,RNC NDLS RAJ EX,RAJ,Rajdhani,Thu,RNC,RANCHI,NDLS,NEW DELHI,1249,16:45,8
12006,KALKA SHTABDI EX,SHT,Shatabdi,Daily,KLK,KALKA,NDLS,NEW DELHI,268,04:00,6
20411,DLI-SRE SUF EXP,SUF,Superfast,Daily,DLI,DELHI JN.,SRE,SAHARANPUR JN.,181,03:15,6
12007,MYS SHATABDI,SHT,Shatabdi,"Mon,Tue,Wed,Fri,Sat,Sun",MAS,PURATCHI THALAIVAR DR. MGR CTL,MYS,MYSORE JN,492,07:00,4
20416,MAHAKAL SUP EXP,SUF,Superfast,Mon,INDB,INDORE JN,BSB,VARANASI,1083,17:25,10
12008,SHATABDI EXP,SHT,Shatabdi,"Mon,Tue,Wed,Fri,Sat,Sun",MYS,MYSORE JN,MAS,PURATCHI THALAIVAR DR. MGR CTL,492,07:10,4
20501,TEJAS EXPRESS,RAJ,Rajdhani,Mon,AGTL,AGARTALA,ANVT,ANAND VIHAR TERMINAL,2593,43:50,22
12013,AMRITSAR SHTABDI,SHT,Shatabdi,Daily,NDLS,NEW DELHI,ASR,AMRITSAR,447,06:35,8
20502,AGTL TEJAS RAJ,RAJ,Rajdhani,Wed,ANVT,ANAND VIHAR TERMINAL,AGTL,AGARTALA,2592,44:35,22
12014,AMRITSAR SHTABDI,SHT,Shatabdi,Daily,ASR,AMRITSAR,NDLS,NEW DELHI,447,06:07,8
20503,RAJDHANI EXP,RAJ,Rajdhani,"Tue,Wed,Thu,Sat,Sun",DBRG,DIBRUGARH,NDLS,NEW DELHI,2477,41:58,26
12015,AJMER SHATABDI,SHT,Shatabdi,Daily,NDLS,NEW DELHI,DOZ,DAURAI,449,07:25,11
20504,DBRG RAJDHANI,RAJ,Rajdhani,"Mon,Tue,Wed,Fri,Sat",NDLS,NEW DELHI,DBRG,DIBRUGARH,2477,41:35,26
12016,AII NDLS SHATBI,SHT,Shatabdi,Daily,DOZ,DAURAI,NDLS,NEW DELHI,449,07:15,11
20505,RAJDHANI EXP,RAJ,Rajdhani,"Mon,Fri",DBRG,DIBRUGARH,NDLS,NEW DELHI,2312,39:53,28
12017,DDN SHTBDI EXP,SHT,Shatabdi,Daily,NDLS,NEW DELHI,DDN,DEHRADOON,314,06:10,8
20508,SANG RAJDHANI,RAJ,Rajdhani,Sun,ANVT,ANAND VIHAR TERMINAL,SANG,SAIRANG,2510,43:35,20
12019,SHATABDI EXP,SHT,Shatabdi,"Mon,Tue,Wed,Thu,Fri,Sat",HWH,HOWRAH JN,RNC,RANCHI,422,07:10,9
20628,NCJ MS VB EXP,VNDB,Vande Bharat,"Mon,Tue,Thu,Fri,Sat,Sun",NCJ,NAGERCOIL JUNCTION,MS,CHENNAI EGMORE,726,08:45,9
12020,SHATABDI EXP,SHT,Shatabdi,"Mon,Tue,Wed,Thu,Fri,Sat",RNC,RANCHI,HWH,HOWRAH JN,419,07:35,9
20634,KGQ VANDEBHARAT,VNDB,Vande Bharat,"Mon,Tue,Wed,Fri,Sat,Sun",TVC,THIRUVANANTHAPURAM CENTRAL,KGQ,KASARAGOD,587,08:05,10
12022,HWH JANSHATABDI,JSH,Jan Shatabdi,Daily,BBN,BARBIL,HWH,HOWRAH JN,400,07:15,12
20642,BNC VANDEBHARAT,VNDB,Vande Bharat,"Mon,Tue,Wed,Fri,Sat,Sun",CBE,COIMBATORE JN,BNC,BANGALORE CANT,372,06:20,7
12025,SHATABDI EXP,SHT,Shatabdi,"Mon,Wed,Thu,Fri,Sat,Sun",PUNE,PUNE JN,HYB,HYDERABAD,600,08:20,9
20645,MAQ VANDEBHARAT,VNDB,Vande Bharat,"Mon,Tue,Wed,Fri,Sat,Sun",MAO,MADGAON JUNCTION,MAQ,MANGALORE CENTRAL,321,05:10,4
12027,MAS SBC SHATABDI,SHT,Shatabdi,"Mon,Wed,Thu,Fri,Sat,Sun",MAS,PURATCHI THALAIVAR DR. MGR CTL,SBC,KSR BENGALURU,354,04:55,5
20661,DWR VANDE BHARAT,VNDB,Vande Bharat,"Mon,Wed,Thu,Fri,Sat,Sun",SBC,KSR BENGALURU,DWR,DHARWAR,490,06:15,7
12028,SHATABDI EXP,SHT,Shatabdi,"Mon,Wed,Thu,Fri,Sat,Sun",SBC,KSR BENGALURU,MAS,PURATCHI THALAIVAR DR. MGR CTL,354,05:00,5
20663,MAS VANDE BHARAT,VNDB,Vande Bharat,"Mon,Tue,Wed,Fri,Sat,Sun",MYS,MYSORE JN,MAS,PURATCHI THALAIVAR DR. MGR CTL,492,06:30,6
12030,SWARN SHATABDI,SHT,Shatabdi,"Mon,Tue,Wed,Fri,Sat,Sun",ASR,AMRITSAR,NDLS,NEW DELHI,447,06:00,8
20665,TEN VANDEBHARAT,VNDB,Vande Bharat,"Mon,Wed,Thu,Fri,Sat,Sun",MS,CHENNAI EGMORE,TEN,TIRUNELVELI JN,653,07:50,10
12031,AMRITSAR SHTABDI,SHT,Shatabdi,Thu,NDLS,NEW DELHI,ASR,AMRITSAR,447,06:10,8
20669,UBL PUNE VB EXP,VNDB,Vande Bharat,"Wed,Fri,Sun",UBL,SSS HUBBALLI JN,PUNE,PUNE JN,557,08:30,9
12033,SHATABDI EXP,SHT,Shatabdi,"Mon,Tue,Wed,Thu,Fri,Sat",CNB,KANPUR CENTRAL,NDLS,NEW DELHI,441,05:20,5
20705,CSMT VANDEBHARAT,VNDB,Vande Bharat,"Mon,Tue,Thu,Fri,Sat,Sun",NED,NANDED,CSMT,C SHIVAJI MAH T,610,08:55,10
12034,NDLS CNB SHT,SHT,Shatabdi,"Mon,Tue,Wed,Thu,Fri,Sat",NDLS,NEW DELHI,CNB,KANPUR CENTRAL,441,05:10,5
20707,VSKP VANDEBHARAT,VNDB,Vande Bharat,"Tue,Wed,Thu,Fri,Sat,Sun",SC,SECUNDERABAD JN,VSKP,VISAKHAPATNAM,699,08:50,8
12035,PURNAGIRI JANST,JSH,Jan Shatabdi,Daily,TPU,TANAKPUR,DLI,DELHI JN.,395,10:15,27
20708,VANDE BHARAT EXP,VNDB,Vande Bharat,"Tue,Wed,Thu,Fri,Sat,Sun",VSKP,VISAKHAPATNAM,SC,SECUNDERABAD JN,701,08:55,8
12037,SIDDHABALI J SH,JSH,Jan Shatabdi,Daily,KTW,KOTDWARA,DLI,DELHI JN.,238,06:45,12
20813,PURI JU S F,SUF,Superfast,Wed,PURI,PURI,JU,JODHPUR JN,2438,43:35,42
12040,KATHGODAM SHTBDI,SHT,Shatabdi,Daily,NDLS,NEW DELHI,KGM,KATHGODAM,283,05:35,9
20825,VANDE BHARAT EXP,VNDB,Vande Bharat,"Mon,Tue,Wed,Thu,Fri,Sun",BSP,BILASPUR JN.,NGP,NAGPUR JN.,417,05:30,7
12041,SHATABDI EXP,SHT,Shatabdi,"Mon,Tue,Wed,Thu,Fri,Sat",HWH,HOWRAH JN,NJP,NEW JALPAIGURI,562,08:25,10
20826,BSP VANDE BHARAT,VNDB,Vande Bharat,"Mon,Tue,Wed,Thu,Fri,Sun",NGP,NAGPUR JN.,BSP,BILASPUR JN.,417,05:20,7
12042,SHATABDI EXP,SHT,Shatabdi,"Mon,Tue,Wed,Thu,Fri,Sat",NJP,NEW JALPAIGURI,HWH,HOWRAH JN,562,08:15,10
20827,JBP SRC HUMSAFAR,SUF,Superfast,Thu,JBP,JABALPUR,SRC,SANTRAGACHI JN,1120,19:40,12
12045,CDG SHATABDI,SHT,Shatabdi,"Mon,Tue,Thu,Fri,Sat,Sun",NDLS,NEW DELHI,CDG,CHANDIGARH,243,03:20,4
20834,VANDE BHARAT EX,VNDB,Vande Bharat,"Mon,Wed,Thu,Fri,Sat,Sun",SC,SECUNDERABAD JN,VSKP,VISAKHAPATNAM,699,08:35,7
12046,NDLS SHATABDI,SHT,Shatabdi,"Mon,Tue,Thu,Fri,Sat,Sun",CDG,CHANDIGARH,NDLS,NEW DELHI,243,03:20,4
20840,NDLS RNC RAJ EX,RAJ,Rajdhani,"Mon,Fri",NDLS,NEW DELHI,RNC,RANCHI,1309,16:55,8
12048,GHY JANSHATABDI,JSH,Jan Shatabdi,"Tue,Wed",NLP,NORTH LAKHIMPUR,GHY,GUWAHATI,354,06:25,9
20841,VANDE BHARAT EXP,VNDB,Vande Bharat,"Tue,Wed,Thu,Fri,Sat,Sun",BBS,BHUBANESWAR,VSKP,VISAKHAPATNAM,443,05:45,9
12054,HW JANSHATABDI,JSH,Jan Shatabdi,"Mon,Tue,Wed,Fri,Sat,Sun",ASR,AMRITSAR,HW,HARIDWAR JN,406,07:00,12
20845,BSP BKN SF EXP,SUF,Superfast,"Thu,Sat",BSP,BILASPUR JN.,BKN,BIKANER JN,1890,32:50,34
12055,DDN JANSHTBDI,JSH,Jan Shatabdi,Daily,NDLS,NEW DELHI,DDN,DEHRADOON,305,05:45,9
20892,VANDE BHARAT EXP,VNDB,Vande Bharat,"Mon,Wed,Thu,Fri,Sat,Sun",BAM,BRAHMAPUR,TATA,TATANAGAR JN,588,09:35,11
12056,JANSHATABDI EXP,JSH,Jan Shatabdi,Daily,DDN,DEHRADOON,NDLS,NEW DELHI,305,06:05,10
20911,NGP VANDEBHARAT,VNDB,Vande Bharat,"Mon,Tue,Wed,Thu,Fri,Sat",INDB,INDORE JN,NGP,NAGPUR JN.,635,08:25,7
12057,JANSHATABDI EXP,JSH,Jan Shatabdi,Daily,NDLS,NEW DELHI,DLPC,DAULATPUR CHAUK,427,07:40,18
20932,INDB TVCN SF EX,SUF,Superfast,Tue,INDB,INDORE JN,TVCN,THIRUVANANTHAPURAM NORTH,2291,44:20,32
12060,JANSHATABDI EXP,JSH,Jan Shatabdi,Daily,NZM,HAZRAT NIZAMUDDIN JN,KOTA,KOTA JN,457,06:10,11
20947,JAN SHATABDI EX,JSH,Jan Shatabdi,Daily,ADI,AHMEDABAD JN,EKNR,EKTA NAGAR,183,02:55,5
12070,JANSHATABDI EXP,JSH,Jan Shatabdi,"Mon,Tue,Wed,Thu,Fri,Sun",G,GONDIA JN,RIG,RAIGARH,420,07:30,15
20977,CDG VANDEBHARAT,VNDB,Vande Bharat,"Mon,Tue,Thu,Fri,Sat,Sun",AII,AJMER JN,CDG,CHANDIGARH,675,08:35,10
12071,JANSHATABDTI EXP,JSH,Jan Shatabdi,Daily,CSMT,C SHIVAJI MAH T,HNL,HINGOLI DECCAN,659,12:20,16
20992,DD AJMER SF EXP,SUF,Superfast,Fri,DD,DAUND JN,AII,AJMER JN,1500,24:30,22
12075,TVC JANSHATABDI,JSH,Jan Shatabdi,Daily,CLT,KOZHIKKODE,TVC,THIRUVANANTHAPURAM CENTRAL,399,07:40,12
21896,VANDE BHARAT EXP,VNDB,Vande Bharat,Sun,PNBE,PATNA JN,TATA,TATANAGAR JN,450,07:10,9
12077,BZA JANSHATABDI,JSH,Jan Shatabdi,"Mon,Wed,Thu,Fri,Sat,Sun",MAS,PURATCHI THALAIVAR DR. MGR CTL,BZA,VIJAYAWADA JN,455,07:35,11
22106,INDRAYANI EXP,SUF,Superfast,Daily,PUNE,PUNE JN,CSMT,C SHIVAJI MAH T,192,03:25,7
12078,JAN SHATABDI,JSH,Jan Shatabdi,"Mon,Wed,Thu,Fri,Sat,Sun",BZA,VIJAYAWADA JN,MAS,PURATCHI THALAIVAR DR. MGR CTL,455,07:30,11
22125,NGP ASR AC EXP,SUF,Superfast,Sat,NGP,NAGPUR JN.,ASR,AMRITSAR,1539,25:10,11
12129,AZAD HIND EXP,SUF,Superfast,Daily,PUNE,PUNE JN,HWH,HOWRAH JN,2026,34:50,33
22183,SAKET EXPRESS,SUF,Superfast,"Wed,Sat",LTT,LOKMANYATILAK,AYC,AYODHYA CANTT,1503,26:00,20
12131,DR SAINAGAR EXP,SUF,Superfast,"Mon,Wed,Sat",DR,DADAR,SNSI,SAINAGAR SHIRDI,336,06:05,8
22188,INTERCITY EXP,SUF,Superfast,Daily,ADTL,ADHARTAL,RKMP,RANI KAMALAPATI,339,06:08,12
12152,SAMARSATA EXP,SUF,Superfast,"Fri,Sat",SHM,SHALIMAR,LTT,LOKMANYATILAK,2083,34:05,23
22196,BDTS VGLJ SFAST,SUF,Superfast,"Tue,Wed",BDTS,BANDRA TERMINUS,VGLJ,VIRANGANA LAKSHMIBAI JHANSI JN,1316,23:50,22
12153,LTT RKMP EXPRESS,SUF,Superfast,Thu,LTT,LOKMANYATILAK,RKMP,RANI KAMALAPATI,819,13:25,9
22210,MMCT DURONTO,DRNT,Duronto,"Tue,Sat",NZM,HAZRAT NIZAMUDDIN JN,MMCT,MUMBAI CENTRAL,1373,17:35,5
12161,LASHKAR EXP,SUF,Superfast,Fri,LTT,LOKMANYATILAK,AGC,AGRA CANTT JN.,1332,22:55,19
22213,PNBE DURONTO EX,DRNT,Duronto,"Mon,Wed,Fri",SHM,SHALIMAR,PNBE,PATNA JN,540,08:25,4
12171,LTT HW AC EXP,SUF,Superfast,"Mon,Thu",LTT,LOKMANYATILAK,HW,HARIDWAR JN,1773,28:40,13
22221,NZM RAJDHANI,RAJ,Rajdhani,Daily,CSMT,C SHIVAJI MAH T,NZM,HAZRAT NIZAMUDDIN JN,1535,17:55,10
12175,CHAMBAL EXPRESS,SUF,Superfast,"Wed,Sun",HWH,HOWRAH JN,GWL,GWALIOR JN.,1287,23:20,31
22224,CSMT VANDEBHARAT,VNDB,Vande Bharat,"Mon,Wed,Thu,Fri,Sat,Sun",SNSI,SAINAGAR SHIRDI,CSMT,C SHIVAJI MAH T,343,05:05,6
12213,YPR DEE DURONTO,DRNT,Duronto,Sat,YPR,YESVANTPUR JN.,DEE,DELHI SARAI ROHILLA,2358,32:10,8
22225,SUR VANDE BHARAT,VNDB,Vande Bharat,"Mon,Tue,Thu,Fri,Sat,Sun",CSMT,C SHIVAJI MAH T,SUR,SOLAPUR JN,455,06:35,8
12214,DEE YPR DURONTO,DRNT,Duronto,Mon,DEE,DELHI SARAI ROHILLA,YPR,YESVANTPUR JN.,2358,34:10,8
22234,VANDE BHARAT EXP,VNDB,Vande Bharat,"Mon,Wed,Thu,Fri,Sat,Sun",PNBE,PATNA JN,NJP,NEW JALPAIGURI,471,07:05,9
12220,LTT DURONTO,DRNT,Duronto,"Tue,Fri",SC,SECUNDERABAD JN,LTT,LOKMANYATILAK,773,12:10,5
22302,VANDE BHARAT EXP,VNDB,Vande Bharat,"Mon,Tue,Thu,Fri,Sat,Sun",NJP,NEW JALPAIGURI,HWH,HOWRAH JN,562,07:35,6
12221,HOWRAH DURONTO,DRNT,Duronto,"Mon,Sat",PUNE,PUNE JN,HWH,HOWRAH JN,2026,29:25,9
22303,VANDE BHARAT EXP,VNDB,Vande Bharat,"Mon,Tue,Wed,Fri,Sat,Sun",HWH,HOWRAH JN,GAYA,GAYA JN,456,05:45,7
12222,PUNE DURONTO EX,DRNT,Duronto,"Thu,Sat",HWH,HOWRAH JN,PUNE,PUNE JN,2027,28:10,9
22304,VANDE BHARAT EXP,VNDB,Vande Bharat,"Mon,Tue,Wed,Fri,Sat,Sun",GAYA,GAYA JN,HWH,HOWRAH JN,456,05:55,7
12227,INDB DURONTO,DRNT,Duronto,"Thu,Sat",MMCT,MUMBAI CENTRAL,INDB,INDORE JN,828,11:10,5
22309,VANDE BHARAT EXP,VNDB,Vande Bharat,"Mon,Tue,Wed,Thu,Sat,Sun",HWH,HOWRAH JN,JMP,JAMALPUR JN,438,06:30,10
12228,MMCT DURONTO,DRNT,Duronto,"Fri,Sun",INDB,INDORE JN,MMCT,MUMBAI CENTRAL,828,11:20,5
22310,VANDE BHARAT EXP,VNDB,Vande Bharat,"Mon,Tue,Wed,Thu,Sat,Sun",JMP,JAMALPUR JN,HWH,HOWRAH JN,439,06:35,10
12239,HISAR DURONTO,DRNT,Duronto,"Tue,Sun",MMCT,MUMBAI CENTRAL,HSR,HISAR,1504,21:10,12
22329,HLZ ASN SUF EXP,SUF,Superfast,"Mon,Tue,Wed,Thu,Fri,Sat",HLZ,HALDIA,ASN,ASANSOL JN.,326,05:50,18
12240,MMCT DURONTO EXP,DRNT,Duronto,"Tue,Thu",HSR,HISAR,MMCT,MUMBAI CENTRAL,1504,22:10,12
22349,VANDE BHARAT EXP,VNDB,Vande Bharat,"Mon,Wed,Thu,Fri,Sat,Sun",PNBE,PATNA JN,RNC,RANCHI,377,06:05,8
12243,MAS CBE SHATABDI,SHT,Shatabdi,"Mon,Wed,Thu,Fri,Sat,Sun",MAS,PURATCHI THALAIVAR DR. MGR CTL,CBE,COIMBATORE JN,499,07:00,7
22354,HUMSAFAR EXP,SUF,Superfast,Sun,SMVB,SMVT BENGALURU,PNBE,PATNA JN,2682,44:35,23
12244,CBE MAS SHATABDI,SHT,Shatabdi,"Mon,Wed,Thu,Fri,Sat,Sun",CBE,COIMBATORE JN,MAS,PURATCHI THALAIVAR DR. MGR CTL,499,06:45,7
22416,VANDE BHARAT EXP,VNDB,Vande Bharat,"Mon,Wed,Thu,Fri,Sat,Sun",NDLS,NEW DELHI,BSB,VARANASI,759,08:05,4
12245,SMVB DURONTO EXP,DRNT,Duronto,"Tue,Wed,Fri,Sat,Sun",HWH,HOWRAH JN,SMVB,SMVT BENGALURU,1935,29:05,6
22425,VANDE BHARAT EXP,VNDB,Vande Bharat,"Mon,Tue,Thu,Fri,Sat,Sun",AYC,AYODHYA CANTT,ANVT,ANAND VIHAR TERMINAL,629,08:15,6
12259,BKN DURONTO EXP,DRNT,Duronto,"Mon,Wed,Thu,Sun",SDAH,SEALDAH,BKN,BIKANER JN,1924,25:35,12
22430,PTK DLI EXP,SUF,Superfast,"Mon,Tue,Wed,Thu,Sat,Sun",PTK,PATHANKOT,DLI,DELHI JN.,553,09:55,17
12260,SDAH DURONTO,DRNT,Duronto,"Mon,Tue,Thu,Fri",BKN,BIKANER JN,SDAH,SEALDAH,1924,25:20,12
22446,ASR CNB SF EXP,SUF,Superfast,Tue,ASR,AMRITSAR,CNB,KANPUR CENTRAL,897,16:05,14
12261,HOWRAH DURONTO,DRNT,Duronto,"Tue,Wed,Thu,Sun",CSMT,C SHIVAJI MAH T,HWH,HOWRAH JN,1969,27:25,9
22447,VANDE BHARAT EX,VNDB,Vande Bharat,"Mon,Wed,Thu,Fri,Sat,Sun",NDLS,NEW DELHI,AADR,AMB  ANDAURA,412,05:20,7
12262,CSMT DURONTO EX,DRNT,Duronto,"Mon,Tue,Wed,Fri",HWH,HOWRAH JN,CSMT,C SHIVAJI MAH T,1969,26:40,9
22458,VANDE BHARAT EX,VNDB,Vande Bharat,"Mon,Tue,Wed,Fri,Sat,Sun",DDN,DEHRADOON,ANVT,ANAND VIHAR TERMINAL,301,04:45,8
12263,NZM DURONTO,DRNT,Duronto,"Tue,Fri",PUNE,PUNE JN,NZM,HAZRAT NIZAMUDDIN JN,1512,19:50,7
22469,VANDE BHARAT EXP,VNDB,Vande Bharat,"Tue,Wed,Thu,Fri,Sat,Sun",KURJ,KHAJURAHO,NZM,HAZRAT NIZAMUDDIN JN,658,08:20,9
12266,DEE DURONTO EXP,DRNT,Duronto,"Mon,Wed,Sat",JAT,JAMMUTAVI,DEE,DELHI SARAI ROHILLA,578,08:40,3
22470,VANDE BHARAT EXP,VNDB,Vande Bharat,"Tue,Wed,Thu,Fri,Sat,Sun",NZM,HAZRAT NIZAMUDDIN JN,KURJ,KHAJURAHO,658,08:20,9
12268,MMCT DURONTO EXP,DRNT,Duronto,Daily,HAPA,HAPA,MMCT,MUMBAI CENTRAL,814,12:00,5
22474,BDTS BKN SF EXP,SUF,Superfast,Tue,BDTS,BANDRA TERMINUS,BKN,BIKANER JN,1212,19:45,23
12269,MAS NZM DURONTO,DRNT,Duronto,"Mon,Fri",MAS,PURATCHI THALAIVAR DR. MGR CTL,NZM,HAZRAT NIZAMUDDIN JN,2169,28:05,8
22481,JU DEE SF EXP,SUF,Superfast,Daily,JU,JODHPUR JN,DEE,DELHI SARAI ROHILLA,621,10:50,20
12273,NDLS DURONTO EX,DRNT,Duronto,"Mon,Fri",HWH,HOWRAH JN,NDLS,NEW DELHI,1527,21:55,7
22499,VANDE BHARAT EXP,VNDB,Vande Bharat,"Mon,Wed,Thu,Fri,Sat,Sun",DGHR,DEOGHAR,BSB,VARANASI,455,07:20,8
12285,NZM DURONTO,DRNT,Duronto,"Thu,Sun",SC,SECUNDERABAD JN,NZM,HAZRAT NIZAMUDDIN JN,1664,21:50,6
22543,BDTS LKU SF EXP,SUF,Superfast,Tue,BDTS,BANDRA TERMINUS,LKU,LALKUA JN.,1623,26:20,18
12290,CSMT DURONTO EXP,DRNT,Duronto,Daily,NGP,NAGPUR JN.,CSMT,C SHIVAJI MAH T,838,12:00,5
22546,VANDE BHARAT EXP,VNDB,Vande Bharat,"Tue,Wed,Thu,Fri,Sat,Sun",DDN,DEHRADOON,LJN,LUCKNOW,544,08:15,7
12293,PRYJ DURONTO,DRNT,Duronto,"Mon,Fri",LTT,LOKMANYATILAK,PRYJ,PRAYAGRAJ JN,1346,19:20,6
22551,DBG-JUC ANTYODAY EXPRESS,SUF,Superfast,Sat,DBG,DARBHANGA JN,JUC,JALANDHAR CITY,1401,25:45,16
12297,PUNE DURONTO,DRNT,Duronto,"Tue,Fri,Sun",ADI,AHMEDABAD JN,PUNE,PUNE JN,629,09:10,5
22564,UDN-JYG ANTYODAY SF EXP,SUF,Superfast,Sun,UDN,UDHNA JN,JYG,JAYNAGAR,1856,33:55,25
12301,RAJDHANI EXPRES,RAJ,Rajdhani,"Mon,Tue,Wed,Thu,Fri,Sat",HWH,HOWRAH JN,NDLS,NEW DELHI,1449,17:15,9
22626,MAS DOUBLE DECK,SUF,Superfast,Daily,SBC,KSR BENGALURU,MAS,PURATCHI THALAIVAR DR. MGR CTL,354,06:15,13
12302,HWH RAJDHANI,RAJ,Rajdhani,"Mon,Tue,Wed,Thu,Sat,Sun",NDLS,NEW DELHI,HWH,HOWRAH JN,1449,17:05,9
22643,ERS PNBE SF EXP,SUF,Superfast,"Mon,Tue",ERS,ERNAKULAM JN,PNBE,PATNA JN,2781,50:40,45
12306,KOLKATA RAJDHNI,RAJ,Rajdhani,Fri,NDLS,NEW DELHI,HWH,HOWRAH JN,1527,19:25,9
22691,RAJDHANI EXP,RAJ,Rajdhani,Daily,SBC,KSR BENGALURU,NZM,HAZRAT NIZAMUDDIN JN,2374,33:30,16
12310,RJPB TEJAS RAJ,RAJ,Rajdhani,Daily,NDLS,NEW DELHI,RJPB,RAJENDRA NAGAR,998,12:05,7
22692,SBC RAJDHANI,RAJ,Rajdhani,Daily,NZM,HAZRAT NIZAMUDDIN JN,SBC,KSR BENGALURU,2374,33:30,16
12325,GURUMUKHI EXP,SUF,Superfast,Thu,KOAA,KOLKATTA TERMINAL,AADR,AMB  ANDAURA,1846,33:30,20
22706,TPTY HAMSAFAR,SUF,Superfast,Fri,JAT,JAMMUTAVI,TPTY,TIRUPATI,2982,48:55,14
12336,LTT BHAGALPUR EX,SUF,Superfast,"Tue,Sun",LTT,LOKMANYATILAK,BGP,BHAGALPUR,1910,33:50,38
22717,RJT SC SUP EXP,SUF,Superfast,"Mon,Wed,Thu",RJT,RAJKOT,SC,SECUNDERABAD JN,1471,26:00,28
12340,COALFIELD EXP,SUF,Superfast,Daily,DHN,DHANBAD JN,HWH,HOWRAH JN,257,04:35,13
22802,MAS VSKP SF EXP,SUF,Superfast,Sat,MAS,PURATCHI THALAIVAR DR. MGR CTL,VSKP,VISAKHAPATNAM,778,12:30,15
12341,AGNIVEENA EXP,SUF,Superfast,Daily,HWH,HOWRAH JN,ASN,ASANSOL JN.,199,03:10,8
22809,VSKP SF EXP,SUF,Superfast,Mon,PRDP,PARADEEP,VSKP,VISAKHAPATNAM,553,10:00,15
12345,SARAIGHAT EXP,SUF,Superfast,Daily,HWH,HOWRAH JN,GHY,GUWAHATI,998,17:35,18
22823,TEJAS RAJ EXP,RAJ,Rajdhani,"Mon,Tue,Thu,Fri",BBS,BHUBANESWAR,NDLS,NEW DELHI,1797,24:25,15
12389,GAYA MAS EXPRES,SUF,Superfast,Sun,GAYA,GAYA JN,MAS,PURATCHI THALAIVAR DR. MGR CTL,2075,34:50,20
22824,BBS TEJAS RAJ,RAJ,Rajdhani,"Tue,Wed,Thu,Sat",NDLS,NEW DELHI,BBS,BHUBANESWAR,1797,24:30,15
12409,GONDWANA SF EXP,SUF,Superfast,"Mon,Wed,Thu,Fri,Sat",RIG,RAIGARH,NZM,HAZRAT NIZAMUDDIN JN,1632,25:35,36
22831,HWH YPR SF EXP,SUF,Superfast,Wed,HWH,HOWRAH JN,YPR,YESVANTPUR JN.,1906,34:10,22
12416,NDLS INDB EXP,SUF,Superfast,Daily,NDLS,NEW DELHI,INDB,INDORE JN,827,12:15,21
22844,BXR BSP SF EXP,SUF,Superfast,Sat,BXR,BUXAR,BSP,BILASPUR JN.,1085,19:40,29
12418,PRAYAGRAJ EXP,SUF,Superfast,Daily,NDLS,NEW DELHI,PRYJ,PRAYAGRAJ JN,635,08:50,6
22851,MAQ VIVEK SF EXP,SUF,Superfast,Thu,SRC,SANTRAGACHI JN,MAQ,MANGALORE CENTRAL,2485,41:55,40
12421,NED ASR SF EXP,SUF,Superfast,Wed,NED,NANDED,ASR,AMRITSAR,1929,31:30,25
22925,OKHA VANDEBHARAT,VNDB,Vande Bharat,"Mon,Wed,Thu,Fri,Sat,Sun",SBT,SABARMATI JN,OKHA,OKHA,493,07:05,10
12422,ASR NED SF EXP,SUF,Superfast,Mon,ASR,AMRITSAR,NED,NANDED,1929,31:10,25
22930,BRC DRD SFAST,SUF,Superfast,Daily,BRC,VADODARA JN,DRD,DAHANU ROAD,272,04:50,16
12423,RAJDHANI EXP,RAJ,Rajdhani,Daily,DBRG,DIBRUGARH,NDLS,NEW DELHI,2432,37:55,25
22948,BGP SURAT EXP,SUF,Superfast,"Mon,Thu",BGP,BHAGALPUR,ST,SURAT,1817,33:02,37
12432,TVC RAJDHANI,RAJ,Rajdhani,"Tue,Wed,Sun",NZM,HAZRAT NIZAMUDDIN JN,TVC,THIRUVANANTHAPURAM CENTRAL,2843,43:34,22
22961,VANDE BHARAT EXP,VNDB,Vande Bharat,"Mon,Tue,Wed,Thu,Fri,Sat",MMCT,MUMBAI CENTRAL,ADI,AHMEDABAD JN,491,05:30,6
12433,MAS NZM RAJDHANI,RAJ,Rajdhani,"Fri,Sun",MAS,PURATCHI THALAIVAR DR. MGR CTL,NZM,HAZRAT NIZAMUDDIN JN,2169,28:25,10
22965,BDTS BGKT EXP,SUF,Superfast,Fri,BDTS,BANDRA TERMINUS,BGKT,BHAGAT KI KOTHI,932,15:30,11
12434,NZM MAS RAJDHANI,RAJ,Rajdhani,"Wed,Fri",NZM,HAZRAT NIZAMUDDIN JN,MAS,PURATCHI THALAIVAR DR. MGR CTL,2169,29:15,10
26401,VANDE BHARAT EXP,VNDB,Vande Bharat,"Mon,Wed,Thu,Fri,Sat,Sun",JAT,JAMMUTAVI,SINA,SRI NAGAR,267,04:50,6
12438,SC RAJDHANI,RAJ,Rajdhani,Sun,NZM,HAZRAT NIZAMUDDIN JN,SC,SECUNDERABAD JN,1664,22:05,7
26403,VANDE BHARAT EXP,VNDB,Vande Bharat,"Mon,Tue,Thu,Fri,Sat,Sun",JAT,JAMMUTAVI,SINA,SRI NAGAR,267,04:45,5
12442,BSP RAJDHNI EXP,RAJ,Rajdhani,"Tue,Sat",NDLS,NEW DELHI,BSP,BILASPUR JN.,1505,20:35,10
26404,VANDE BHARAT EXP,VNDB,Vande Bharat,"Mon,Tue,Thu,Fri,Sat,Sun",SINA,SRI NAGAR,JAT,JAMMUTAVI,267,04:45,5
12445,UTTAR S KRANTI,SUF,Superfast,Daily,NDLS,NEW DELHI,SVDK,SHRI MATA VAISHNO DEVI KATRA,655,11:05,12
26405,VANDE BHARAT EXP,VNDB,Vande Bharat,"Mon,Tue,Wed,Thu,Fri,Sun",ASR,AMRITSAR,SVDK,SHRI MATA VAISHNO DEVI KATRA,284,05:05,6
12453,RNC NDLS RAJ EX,RAJ,Rajdhani,Sun,RNC,RANCHI,NDLS,NEW DELHI,1244,17:55,12
26406,VANDE BHARAT EXP,VNDB,Vande Bharat,"Mon,Tue,Wed,Thu,Fri,Sun",SVDK,SHRI MATA VAISHNO DEVI KATRA,ASR,AMRITSAR,284,05:00,6
12454,RNC RAJDHANI,RAJ,Rajdhani,Sat,NDLS,NEW DELHI,RNC,RANCHI,1245,17:35,12
26504,VANDE BHARAT EXP,VNDB,Vande Bharat,"Tue,Wed,Thu,Fri,Sat,Sun",GTNR,GOMTI NAGAR,SRE,SAHARANPUR JN.,534,08:40,9
12471,SWARAJ EXPRESS,SUF,Superfast,"Mon,Thu,Fri,Sun",BDTS,BANDRA TERMINUS,SVDK,SHRI MATA VAISHNO DEVI KATRA,2024,30:50,31
26901,VRL VANDEBHARAT,VNDB,Vande Bharat,"Mon,Tue,Wed,Fri,Sat,Sun",SBIB,SABARMATI BG,VRL,VERAVAL,453,06:55,10
12484,ASR TVCN SF EXP,SUF,Superfast,Sun,ASR,AMRITSAR,TVCN,THIRUVANANTHAPURAM NORTH,3291,56:35,28
26963,UDZ ASV VB EXP,VNDB,Vande Bharat,"Mon,Wed,Thu,Fri,Sat,Sun",UDZ,UDAIPUR CITY,ASV,ASARVA JN,298,04:15,6
12486,SGNR NED EXP,SUF,Superfast,"Tue,Sat",SGNR,SHRI GANGANAGAR,NED,NANDED,1954,31:10,29
26964,ASV UDZ VB EXP,VNDB,Vande Bharat,"Mon,Wed,Thu,Fri,Sat,Sun",ASV,ASARVA JN,UDZ,UDAIPUR CITY,298,04:15,6
12534,PUSHPAK EXPRESS,SUF,Superfast,Daily,CSMT,C SHIVAJI MAH T,GTNR,GOMTI NAGAR,1435,23:35,18
27575,VANDE BHARAT SL,VNDS,Vande Bharat Sleeper,"Mon,Tue,Wed,Fri,Sat,Sun",HWH,HOWRAH JN,KYQ,KAMAKHYA,971,14:00,15
12556,GORAKHDHAM EXP,SUF,Superfast,Daily,BTI,BATHINDA,GKP,GORAKHPUR JN,1123,19:45,22
27576,VANDE BHARAT SL,VNDS,Vande Bharat Sleeper,"Mon,Tue,Thu,Fri,Sat,Sun",KYQ,KAMAKHYA,HWH,HOWRAH JN,971,14:00,15
12584,LJN DOUBLE DKR,SUF,Superfast,"Tue,Thu,Fri,Sun",ANVT,ANAND VIHAR TERMINAL,LJN,LUCKNOW,479,08:20,5
12592,GORAKHPUR EXP,SUF,Superfast,Mon,YPR,YESVANTPUR JN.,GKP,GORAKHPUR JN,2509,45:40,37
12615,GRAND TRUNK EXP,SUF,Superfast,Daily,MAS,PURATCHI THALAIVAR DR. MGR CTL,NDLS,NEW DELHI,2177,34:55,39
12651,NZM S KRANTI EXP,SUF,Superfast,"Tue,Sun",MDU,MADURAI JN,NZM,HAZRAT NIZAMUDDIN JN,2671,41:30,15
12657,MAS SBC SF MAIL,SUF,Superfast,Daily,MAS,PURATCHI THALAIVAR DR. MGR CTL,SBC,KSR BENGALURU,354,05:45,8
12686,MAQ MAS SF EXP,SUF,Superfast,Daily,MAQ,MANGALORE CENTRAL,MAS,PURATCHI THALAIVAR DR. MGR CTL,889,15:10,21
12689,MAS CAPE SF EXP,SUF,Superfast,Fri,MAS,PURATCHI THALAIVAR DR. MGR CTL,CAPE,KANNIYAKUMARI,905,15:45,19
12704,FALAKNUMA SF EX,SUF,Superfast,Daily,SC,SECUNDERABAD JN,HWH,HOWRAH JN,1541,26:15,27
12708,NZM TPTY SF EXP,SUF,Superfast,"Wed,Fri,Sun",NZM,HAZRAT NIZAMUDDIN JN,TPTY,TIRUPATI,2296,39:40,22
12726,SIDDAGANGA EXP,SUF,Superfast,Daily,DWR,DHARWAR,SBC,KSR BENGALURU,490,08:40,18
12746,MUGR SC SF EXP,SUF,Superfast,Daily,MUGR,MANUGURU,SC,SECUNDERABAD JN,337,06:07,11
12750,BIDR MTM SF EXP,SUF,Superfast,Daily,BIDR,BIDAR,MTM,MACHILIPATNAM,592,10:45,17
12788,NSL NS SF EXP,SUF,Superfast,"Tue,Wed,Thu,Fri,Sun",NSL,NAGARSOL,NS,NARASAPUR,1076,19:45,22
12842,COROMANDEL EXP,SUF,Superfast,Daily,MAS,PURATCHI THALAIVAR DR. MGR CTL,HWH,HOWRAH JN,1659,28:00,17
12901,GUJRAT MAIL,SUF,Superfast,Daily,DDR,DADAR,ADI,AHMEDABAD JN,486,08:00,13
12951,NDLS TEJAS RAJ,RAJ,Rajdhani,Daily,MMCT,MUMBAI CENTRAL,NDLS,NEW DELHI,1380,15:32,8
12952,MMCT TEJAS RAJ,RAJ,Rajdhani,Daily,NDLS,NEW DELHI,MMCT,MUMBAI CENTRAL,1380,15:40,8
12953,AK TEJAS RAJ EX,RAJ,Rajdhani,Daily,MMCT,MUMBAI CENTRAL,NZM,HAZRAT NIZAMUDDIN JN,1373,16:33,13
12954,AK TEJAS RAJ EX,RAJ,Rajdhani,Daily,NZM,HAZRAT NIZAMUDDIN JN,MMCT,MUMBAI CENTRAL,1373,16:50,13
12957,SBIB NDLS RAJ,RAJ,Rajdhani,Daily,SBIB,SABARMATI BG,NDLS,NEW DELHI,927,12:10,10
12966,BHUJ BDTS SFAST,SUF,Superfast,Fri,BHUJ,BHUJ,BDTS,BANDRA TERMINUS,973,17:20,19
12981,JP ASV SUPERFAST,SUF,Superfast,Daily,KWP,KHATIPURA,ASV,ASARVA JN,743,12:35,21
12982,ASV JP SF EXP,SUF,Superfast,Daily,ASV,ASARVA JN,KWP,KHATIPURA,743,12:30,21
12995,BDTS AII SF EXP,SUF,Superfast,"Wed,Fri,Sun",BDTS,BANDRA TERMINUS,AII,AJMER JN,1013,17:00,19
12997,BARMER HUMSAFAR,SUF,Superfast,Wed,BDTS,BANDRA TERMINUS,BME,BARMER,993,17:45,22
13121,KOAA GCT EXPRES,MEX,Mail/Express,Sun,KOAA,KOLKATTA TERMINAL,GCT,GHAZIPUR CITY,744,14:10,15
13150,KANCHAN KANYA,MEX,Mail/Express,Daily,APDJ,ALIPUR DUAR JN,SDAH,SEALDAH,755,16:40,30
13177,SDAH-JRLE CONV EXP,MEX,Mail/Express,"Mon,Tue,Wed,Thu,Fri,Sat",SDAH,SEALDAH,JRLE,JANGIPUR ROAD,263,06:20,52
13307,GANGASUTLEJ EXP,MEX,Mail/Express,Daily,DHN,DHANBAD JN,FZR,FIROZPUR CANT,1601,36:10,71
13343,BSB-SKTN  INTERCITY EXP,MEX,Mail/Express,"Thu,Fri,Sat",BSB,VARANASI,SKTN,SHAKTINAGAR,227,08:10,12
13348,PALAMOU EXP,MEX,Mail/Express,Daily,PNBE,PATNA JN,BRKA,BARKA KANA,494,11:45,33
13415,MLDT PNBE EXP,MEX,Mail/Express,"Wed,Fri,Sun",MLDT,MALDA TOWN,PNBE,PATNA JN,400,09:25,19
13429,MLDT ANVT EXP,MEX,Mail/Express,Fri,MLDT,MALDA TOWN,ANVT,ANAND VIHAR TERMINAL,1406,28:55,26
13508,GKP ASN EXP,MEX,Mail/Express,Sat,GKP,GORAKHPUR JN,ASN,ASANSOL JN.,644,14:35,15
14004,NDLS MLDT EXP,MEX,Mail/Express,"Thu,Sun",NDLS,NEW DELHI,MLDT,MALDA TOWN,1418,29:35,24
14201,JNU - RBL EXPRESS ,MEX,Mail/Express,Daily,JNU,JAUNPUR JN,RBL,RAE BARELI JN,202,05:25,13
14313,BAREILLY EXPRESS,MEX,Mail/Express,Mon,LTT,LOKMANYATILAK,BE,BAREILLY(NR),1595,31:15,26
14707,RANAKPUR EXP,MEX,Mail/Express,Daily,HMH,HANUMANGARH JN,DDR,DADAR,1449,25:45,40
15003,CHAURICHAURA EXP,MEX,Mail/Express,Daily,CPA,KANPUR ANWRGANJ,GKP,GORAKHPUR JN,553,13:30,29
15037,CPA-KSJ EXP,MEX,Mail/Express,Daily,CPA,KANPUR ANWRGANJ,KSJ,KASGANJ,244,05:05,19
15090,GTNR GODDA EXP,MEX,Mail/Express,Fri,GTNR,GOMTI NAGAR,GODA,GODDA,806,19:55,24
15516,DNR-NKE EXPRESS,MEX,Mail/Express,Daily,DNR,DANAPUR,NKE,NARKATIAGANJ JN,318,10:15,28
15768,APDJ-SGUJ I C EXPRESS,MEX,Mail/Express,Daily,APDJ,ALIPUR DUAR JN,SGUJ,SILIGURI JN,161,04:55,21
15903,DBRG CDG EXP,MEX,Mail/Express,"Mon,Fri",DBRG,DIBRUGARH,CDG,CHANDIGARH,2643,52:30,36
15911,TSK NHLN EXP,MEX,Mail/Express,"Wed,Thu,Sun",TSK,TINSUKIA JN.,NHLN,NAHARLAGUN,225,06:15,11
16057,SAPTHAGIRI EXP,MEX,Mail/Express,Daily,MAS,PURATCHI THALAIVAR DR. MGR CTL,TPTY,TIRUPATI,145,03:20,9
16104,RMM TBM EXP,MEX,Mail/Express,Daily,RMM,RAMESWARAM,TBM,TAMBARAM,615,11:45,20
16308,CAN ALLP EXP,MEX,Mail/Express,Daily,CAN,KANNUR,ALLP,ALAPPUZHA,340,08:20,28
16311,SGNR KCVL EXP,MEX,Mail/Express,Tue,SGNR,SHRI GANGANAGAR,TVCN,THIRUVANANTHAPURAM NORTH,3018,56:35,53
16313,TVCN-MAJN ANTYODAYA EXP,MEX,Mail/Express,Mon,TVCN,THIRUVANANTHAPURAM NORTH,MAJN,MANGALORE JUNCTION,624,13:35,24
16568,SMET-TK UR EXP,MEX,Mail/Express,Daily,SMET,SHIMOGA TOWN,TK,TUMKUR,204,05:10,28
16622,MAQ RMM EXPRESS,MEX,Mail/Express,Sat,MAQ,MANGALORE CENTRAL,RMM,RAMESWARAM,753,15:20,17
17078,TPJ CHZ EXPRESS,MEX,Mail/Express,Wed,TPJ,TIRUCHCHIRAPPALLI JN.,CHZ,CHARLAPALLI,1080,24:50,24
17205,SNSI COA EXPRESS,MEX,Mail/Express,"Tue,Thu,Sun",SNSI,SAINAGAR SHIRDI,COA,KAKINADA PORT,1340,26:45,39
17248,DMM NS EXP,MEX,Mail/Express,Daily,DMM,DHARMAVARAM JN,NS,NARASAPUR,793,15:05,28
17323,UBL BANARAS EXP,MEX,Mail/Express,Fri,UBL,SSS HUBBALLI JN,BNRS,BANARAS,2030,38:30,25
17415,HARIPRIYA EXP,MEX,Mail/Express,Daily,TPTY,TIRUPATI,KOP,KOLHAPUR,901,19:05,29
17428,NS TPTY EXPRESS,MEX,Mail/Express,Mon,NS,NARASAPUR,TPTY,TIRUPATI,525,11:50,14
17610,PAU PNBE EXP,MEX,Mail/Express,Thu,PAU,PURNA JN,PNBE,PATNA JN,1737,32:50,19
17667,NED LTT EXP,MEX,Mail/Express,Wed,NED,NANDED,LTT,LOKMANYATILAK,808,15:45,13
18261,BSP YNK EXPRESS,MEX,Mail/Express,Wed,BSP,BILASPUR JN.,YNK,YELAHANKA JN.,1589,29:00,27
18524,BNRS VSKP EXP,MEX,Mail/Express,"Mon,Thu",BNRS,BANARAS,VSKP,VISAKHAPATNAM,1408,28:55,45
18624,HTE IPR EXP,MEX,Mail/Express,Daily,HTE,HATIA,IPR,ISLAMPUR,476,14:05,35
19018,LOK SHAKTI EXP,MEX,Mail/Express,Daily,VDG,VADNAGAR,BDTS,BANDRA TERMINUS,582,11:05,20
19045,TAPTI GANGA EXP,MEX,Mail/Express,"Mon,Wed,Thu,Fri,Sun",ST,SURAT,THE,THAWE JN,1821,34:45,40
19106,BSL - UDN EXPRESS,MEX,Mail/Express,Daily,BSL,BHUSAVAL JN,UDN,UDHNA JN,331,09:00,36
19409,SBIB THAWE EXP,MEX,Mail/Express,"Thu,Sat",SBIB,SABARMATI BG,GKP,GORAKHPUR JN,1563,30:10,30
19607,KOAA MDJN EXP,MEX,Mail/Express,Thu,KOAA,KOLKATTA TERMINAL,MDJN,MADAR JN,1984,41:35,33
19626,BDTS DOZ EXP,MEX,Mail/Express,Mon,BDTS,BANDRA TERMINUS,DOZ,DAURAI,1284,25:05,16
19807,KOTA SIRSA EXP,MEX,Mail/Express,"Tue,Wed,Fri,Sun",KOTA,KOTA JN,SSA,SIRSA,670,13:35,28
19818,JAB RTM EXP,MEX,Mail/Express,Daily,JAB,YAMUNA BRIDGE,RTM,RATLAM JN,693,19:15,66
