code,name,lat,lon
AADR,AMB  ANDAURA,31.6703546,76.1103728
AAR,ADESAR,23.5526997,70.9728555
AB,AMBUR,12.784066,78.7217855
ABD,AMBLI ROAD,23.0535306,72.4934085
ABKA,AMBIKA KALNA,23.2126373,88.3538695
ABP,AKBARPUR,26.4296681,82.5393176
ABR,ABU ROAD,24.4812736,72.7852867
ABS,ABOHAR,30.1393015,74.1947085
ABSA,AMBASA,24.0568427,73.2221798
ABU,AMBATTUR,13.1140892,80.1528611
ACLE,AZIMGANJ CITY,24.2398354,88.2553411
AD,ADONI,15.6176141,77.2746943
ADB,ADILABAD,19.6807668,78.5360794
ADH,ANDHERI,19.1196976,72.8464205
ADHL,ADIHALLI,13.2961129,76.3259959
ADI,AHMEDABAD JN,,
ADR,MANDI ADAMPUR,29.2831648,75.4687425
ADRA,ADRA,23.495768,86.6746476
ADTL,ADHARTAL,23.2279581,79.9729185
ADX,ADAPUR,26.9254921,84.9417997
AED,AULENDA,27.0328888,77.6157627
AF,AGRA FORT,27.1828667,78.0185074
AFK,ANGAMALI,10.1837793,76.3780765
AFR,ASAFPUR,28.4052913,78.9056184
AGAE,AGRADWIP,23.5812168,88.2262877
AGC,AGRA CANTT JN,,
AGTL,AGARTALA,23.7916942,91.279079
AHA,ABHAIPUR,25.2157447,86.3228783
AII,AJMER JN,,
AJE,ANJAR,23.1194278,70.0363797
AJI,ANJHI SHAHABAD,27.6443023,79.974234
AJJ,ARAKKONAM JN.,,
AJP,AJJAMPUR,,
AK,AKOLA JN.,,
AKP,ANAKAPALLE,17.6946307,83.0086484
AKT,AKALTARA,22.0291459,82.422475
AKV,ANKLESHWAR JN,,
AKVD,AKIVIDU,16.5828319,81.3691956
ALJN,ALIGARH JN,,
ALLP,ALAPPUZHA,9.4863293,76.3217143
ALU,ARIYALUR,11.1489062,79.0686377
AME,AMETHI,26.1528737,81.8061035
AMH,AZAMGARH,26.039014,83.1617133
AMLA,AMLA JN,,
AMLI,AMLI,25.8281255,76.2859431
AMM,ADIRAMPATINAM,,
AMP,AHAMADPUR JN.,,
AMRO,AMROHA,28.8922129,78.4744272
AMSA,AMMASANDRA,13.2649378,76.7120658
AN,AMALNER,21.049347,75.0574433
ANDN,ANAND NAGAR,19.2572087,72.8663486
ANG,AHILYANAGAR,19.092952,74.7493451
ANGL,ANGUL,20.8602508,85.1021043
ANH,ANKORAH AKORHA,24.7609197,84.1697842
ANND,ANAND JN,,
ANPR,ANPARA,24.2169079,82.7661238
ANSB,ANANDPUR SAHIB,31.2299862,76.5005778
ANV,ANNAVARAM,17.2692085,82.4193912
ANVT,ANAND VIHAR TERMINAL,28.6488509,77.3155003
AO,AONLA,28.2958741,79.1688538
APDJ,ALIPUR DUAR JN,,
APR,ANUPPUR JN,,
ARA,ARA,25.5484661,84.6616316
ARE,ARNETHA,25.3898705,76.0185844
ARGP,ARALAGUPPE,13.2532244,76.6134466
ARJ,AUNRIHAR JN.,,
ASH,AISHBAGH,26.837359,80.9097954
ASK,ARSIKERE JN,,
ASKN,ASHOK NAGAR,13.0354768,80.2111075
ASN,ASANSOL JN.,,
ASR,AMRITSAR,31.6332129,74.8671432
ASV,ASARVA JN,,
ATE,ATARRA,25.2907404,80.5769711
ATP,ANANTAPUR,14.6862885,77.5952461
ATQ,ARANTANGI,10.1721042,79.0033283
AUB,ALUABARI ROAD,26.2690428,88.1852468
AUBR,ANUGRAHA N ROAD,13.0276851,77.6376356
AVD,AVADI,13.1182744,80.1015427
AWR,ALWAR JUNCTION,27.5604901,76.6213533
AWY,ALUVA,10.1080369,76.3563183
AY,AYODHYA DHAM JN,,
AYC,AYODHYA CANTT,26.768993,82.1358017
AZ,AZIMGANJ JN,,
BAH,BHABHAR,24.0650833,71.6155279
BAHL,BANIHAL,33.4505866,75.18901
BALU,BALUGAN,,
BAM,BRAHMAPUR,19.2967523,84.7974004
BAMA,BIRAMBAD,26.9246918,77.3211021
BANO,BANO,22.6648074,84.9026131
BAP,BELAPUR,19.6197639,74.6599008
BAPR,BALLUPUR,27.5871748,79.1416624
BAQ,GANJ BASODA,23.8459129,77.9446199
BARH,BARH,25.4617796,85.7092667
BAT,BATALA JN,,
BAU,BURHANPUR,21.334818,76.1998332
BAW,CHIK BANAVAR,,
BAY,BALLARI JN.,,
BAZ,BARAN,25.0952665,76.5070495
BBA,BABRALA,28.266646,78.4035031
BBAI,BHADBHUNJA,21.1627419,73.664993
BBK,BARABANKI JN,,
BBN,BARBIL,22.1048613,85.3690447
BBS,BHUBANESWAR,20.2667774,85.8435592
BBU,BHABUA ROAD,25.1725434,83.619816
BC,BAREILLY CITY,28.3562014,79.4031723
BCH,BERCHHA,23.541473,75.3828772
BCOB,BHACHAU BG,23.2977,70.3459
BCY,VARANASI CITY,25.3343367,83.0142751
BD,BADNERA JN.,,
BDC,BANDEL,22.9236692,88.3782855
BDCR,BHADRACHALAM RD,17.5512916,80.6144535
BDI,BHADLI,21.0231855,75.6751728
BDJ,VADAKARA,11.5934138,75.5870811
BDL,VINDHYACHAL,25.1602259,82.5024648
BDLN,BORDOLANI,,
BDM,BADAMI,15.9592854,75.6769967
BDTS,BANDRA TERMINUS,19.0623883,72.8409178
BDVT,BHADRAVATI,13.8426425,75.7034692
BE,BAREILLY(NR),28.355099,79.417851
BEA,BIHIYA,25.5586379,84.4488679
BEAS,BEAS,31.5202811,75.2913365
BEHR,BEOHARI,24.0005338,81.3800132
BELA,BELA,24.9798392,84.9816711
BENL,BENL,16.3846617,75.8816448
BEW,BETAVAD,,
BFP,BILOCHPURA,27.2019001,77.9867894
BFZ,BHANDARTIKURI,23.4328985,88.3300268
BGAE,BALAGARH,23.1221162,88.4529607
BGK,BAGALKOT,16.1793224,75.6999315
BGKT,BHAGAT KI KOTHI,26.2507959,73.0145331
BGM,BELAGAVI,15.8490568,74.5089431
BGND,BOGINADI,,
BGP,BHAGALPUR,25.2413642,86.9727974
BGRA,BAGHNAPARA,23.2421852,88.3289884
BGS,BEGUSARAI,25.4247298,86.1342955
BGU,BAIRAGNIA,26.7373907,85.275868
BGVN,BHIGWAN,18.3173026,74.7745532
BGZ,BAHADURGARH,28.7012243,76.9303569
BH,BHARUCH JN,,
BHC,BHADRAKH,,
BHKD,BHURKUNDA,23.6371734,85.3721755
BHL,BHILWARA,25.3451794,74.6314997
BHLA,BEHULA,23.1807071,88.4289358
BHLE,BARAHAT,24.9204274,87.0104067
BHLK,BHALKI,18.0470691,77.2281379
BHLP,BHULANPUR,25.2873882,82.9565296
BHP,BOLPUR S NIKTN,,
BHRB,BHAIRABI,19.1708845,84.7651973
BHS,VIDISHA,23.5225788,77.8148001
BHT,BHATTU,29.3866871,75.3400484
BHUJ,BHUJ,23.2657948,69.6783915
BHW,BARHARWA JN,,
BIDR,BIDAR,17.9118862,77.5154346
BIM,BILIMORA JN,,
BINA,BINA JN,,
BINR,BRIJ NAGAR,27.4391492,77.0899454
BIQ,BANSI PAHARPUR,26.9345914,77.4823103
BIRD,BHIVANDI ROAD,19.2688735,73.0463121
BIWK,BISALWAS KALAN,24.4976845,74.7840496
BIY,BARDOLI,21.1338291,73.1053896
BJMD,BARA JAMDA,22.1649676,85.4092826
BJNR,BIJAINAGAR,25.9292873,74.6523215
BJO,BIJNOR,29.3856828,78.1467987
BJP,VIJAYAPURA,16.830361,75.7394766
BJR,BARRAJPUR,26.6858612,80.1389772
BJU,BARAUNI JN,,
BKI,BANDIKUI JN,,
BKN,BIKANER JN,,
BKO,BINDKI ROAD,26.1165351,80.5807667
BKP,BAKHTIYARPUR JN,,
BKRD,BHALUKA ROAD F,,
BKRO,BOKARO THERMAL,23.7867032,85.8797695
BKSC,BOKARO STEEL CITY,23.6579595,86.0839161
BKTU,BARI KHATU,27.1153138,74.3310202
BL,VALSAD,20.6082083,72.9335048
BLD,BHILAD,20.2754926,72.887325
BLDI,BHILDI JN,,
BLG,BILHAR GHAT,26.6813068,82.2689979
BLGR,BALANGIR,20.6891742,83.4943334
BLKR,BALLEKERE HALT,,
BLM,BALAMU JN,,
BLP,BALRAMPUR,27.4156351,82.1609777
BLQR,BILASPUR ROAD,28.8650884,79.2538182
BLR,BALGANUR,15.5947037,75.6027691
BLS,BALASORE,21.5006421,86.919884
BLT,BALOTRA JN.,,
BLTR,BELTHARA ROAD,26.1207542,83.8413367
BLU,BILHAUR,26.8396567,80.0606352
BME,BARMER,25.7460331,71.3972876
BMF,BASMAT,19.3328602,77.1515752
BMI,BAMNIA,23.0949783,74.7585421
BMT,BEGAMPET,18.307538,79.0347943
BNA,BANNI KOPPA,15.4064974,75.9417526
BNC,BANGALORE CANT,12.9936865,77.5980003
BNCE,BANGALORE EAST,13.001147,77.6182271
BNDA,BANDA JN,,
BNDI,BARUNDINI,25.1762194,74.9342829
BNE,BOHANI,22.9131653,78.9155715
BNK,BANASANKARAI HALT,,
BNLW,BANASTHALI NIWAI,26.3838949,75.9353151
BNN,BARNALA,30.3710365,75.5498955
BNP,BHANAPUR,15.3865703,76.0389709
BNQ,BANARHAT,26.798976,89.0257573
BNR,BHAGWANPUR,25.8583409,85.3012023
BNRS,BANARAS,25.299243,82.9710513
BNSA,BANBASA,28.9924394,80.0739935
BNV,BINNAGURI,26.7470082,89.0536687
BNW,BHIWANI JN.,,
BNY,BARHNI,27.4956455,82.7916397
BNZ,BADSHAHNAGAR,26.8687658,80.9613569
BOE,BARSOI JN,,
BOR,BOISAR,19.7984865,72.761452
BORA,BAGHDOGRA,25.8582968,87.8243636
BP,BARRACKPORE,22.7580585,88.3711624
BPA,BELAMPALLI,,
BPB,BADARPUR JN.,,
BPHB,BHILAI POWER HOUSE,21.2082282,81.3758068
BPL,BHOPAL JN.,,
BPP,BAPATLA,15.9084366,80.4685376
BPQ,BALHARSHAH,19.8499139,79.3478101
BPRD,BARPETA ROAD,26.5021259,90.9645713
BQA,BANKURA,23.224151,87.0755455
BQY,BELERHAT,23.520854,88.2844126
BR,BANDH BARETA,,
BRC,VADODARA JN,,
BRD,BHANDARA ROAD,21.238648,79.6472199
BRE,BHARWARI,25.5596303,81.4911548
BRGA,BARGARH ROAD,21.3330284,83.6433256
BRGW,BARGAWAN,24.1972261,82.4563944
BRJN,BRAJRAJNAGAR,21.8498594,83.9254698
BRKA,BARKA KANA,,
BRQ,BAGRAKOT,26.8703655,88.5853156
BRR,BARAKAR,23.7421515,86.8171649
BRRG,BIYAVRA RAJGARH,23.936849,76.9083017
BRTK,BHORTEX,21.0989095,75.0037265
BRWD,BARWADIH JN,,
BRY,BAREILLY JN,,
BRYA,BARHIYA,25.2824883,86.0154682
BSAE,BANSH BARIA,22.957871,88.3953371
BSB,VARANASI,25.3275678,82.986245
BSE,BADSHAHPUR,25.6529101,82.1908879
BSKR,BASI KIRATPUR,29.4969771,78.2134022
BSL,BHUSAVAL JN,,
BSN,BANASANDRA,13.2655514,76.6606063
BSP,BILASPUR JN.,,
BSPX,BANSPANI,22.0008145,85.4236572
BSR,VASAI ROAD,19.3826676,72.8320245
BSRX,BASAVANA BAGEWADI ROAD,16.4802988,75.8282871
BSSL,BASI BERIASAL,,
BST,BASTI,26.8153868,82.7698883
BSX,BASAR,18.8657895,77.9388603
BSY,BARSATHI,25.5600163,82.4767435
BTA,BIHTA,25.561037,84.8723411
BTC,BALAGHAT JN,,
BTD,BOTAD JN,,
BTE,BHARATPUR JN,,
BTG,BASHARATGANJ,28.2881369,79.2852865
BTH,BETTIAH,26.805388,84.5223565
BTI,BATHINDA,30.2127569,74.9330837
BTP,BABATPUR,25.4539658,82.8805167
BTT,BHATNI JN,,
BUA,BARADWAR,22.011794,82.8127168
BUDI,BUNDI,25.4086173,75.6508912
BUI,BALLIA,25.759429,84.1489095
BUP,BARIARPUR,25.2807992,86.575343
BURN,BURNPUR,23.6727483,86.9394551
BUT,BAYTU,25.8972459,71.7680892
BUW,BURHWAL JN,,
BV,BABHNAN,26.9377823,82.501874
BVH,BALLABGARH,28.3402623,77.3121997
BVI,BORIVALI,19.229068,72.8573628
BVQ,BHILAVDI,,
BVR,BANAVAR,13.3958245,76.140481
BVRM,BHIMAVARAM JN,,
BVRT,BHIMAVARAM TOWN,16.5472227,81.5195597
BWI,BILWAI,26.1599097,82.6652108
BWM,BHAWANI MANDI,24.4192876,75.8302837
BWN,BARDHAMAN,23.2495714,87.8681751
BWR,BARWA SAGAR,25.352042,78.7325804
BWT,BANGARAPET JN.,,
BXN,BAYANA JN,,
BXR,BUXAR,25.5611885,83.9813329
BYD,BYADGI,14.6991545,75.489622
BYNR,MOOKAMBIKA ROAD BYNDOOR (H),,
BYT,BHATAPARA,21.7321358,81.9458317
BZA,VIJAYAWADA JN,,
BZG,BILGA,31.0583296,75.6606904
BZLE,BAZARSAU,23.8763784,88.1827634
BZU,BETUL,21.8971699,77.9061703
CAF,CHANDA FORT,19.9402881,79.3126355
CAI,CHANPATIA,26.9421299,84.5308337
CAN,KANNUR,11.8715009,75.3684406
CAO,CHAURADANO,26.8508339,85.0175744
CAP,CHATRAPUR,19.3592282,84.9737421
CAPE,KANNIYAKUMARI,8.0879641,77.5467414
CAR,CHUNAR,25.1036797,82.8729662
CBE,COIMBATORE JN,,
CBK,CHACHURA BINAGANI,,
CBSA,CHAIBASA,22.5593029,85.812196
CC,CHAURI CHAURA,26.645012,83.5873104
CCH,CHINCHVAD,,
CCK,CHICHAKI,24.1118313,85.9468529
CCT,KAKINADA TOWN,16.9672966,82.2334774
CD,CHANDRAPUR,19.9603283,79.3001343
CDB,CHAUDHRIBANDH,24.0554142,85.9900331
CDG,CHANDIGARH,30.7021622,76.8214533
CDGR,CHANDRAKONA ROAD,22.7387425,87.3410184
CDM,CHIDAMBARAM,11.3920706,79.703025
CGL,CHENGALPATTU JN,,
CGY,CHANGANASSERI,9.4488743,76.5486688
CH,CHANDAUSI JN,,
CHE,SRIKAKULAM ROAD,18.4089715,83.9038861
CHI,CHIPLUN,17.5423529,73.522233
CHLK,CHAVALKHEDE,21.0244898,75.351078
CHM,CHALTHAN,21.157369,72.9563212
CHRG,CHORGI,22.300856,85.3349883
CHZ,CHARLAPALLI,17.4585975,78.6066056
CJN,CHHATNA,23.304921,86.975021
CKB,CHAUTH KA BARWARA,26.0507608,76.149274
CKI,CHALAKUDI,10.3025204,76.3211436
CKP,CHAKARADHARPUR,,
CKTD,CHITRAKUT DHAM KARWI,25.2173874,80.9236326
CLD,CHALSA JN,,
CLDY,CHANDLODIYA,23.0751633,72.5440359
CLG,KAHALGAON,25.2625784,87.2341856
CLJ,COLONELGANJ,27.137692,81.6936621
CLT,KOZHIKKODE,11.2296994,75.8405215
CLX,CHIRALA,15.8309472,80.3543721
CMU,CHAU MAHLA,23.9440222,75.5984715
CNA,CHANDERIA,24.9642044,74.6671407
CNB,KANPUR CENTRAL,26.4538613,80.3512433
CNGR,CHENGANNUR,9.3182808,76.6085318
CNI,CHANDIL JN.,,
COA,KAKINADA PORT,16.9536948,82.2409777
COM,CHOMUN SAMOD,27.1579315,75.7027898
COR,CHITTAURGARH JN,,
CPA,KANPUR ANWRGANJ,,
CPD,CHINCHPADA,21.1910192,73.9202535
CPDR,CHHIPADOHAR,23.8140433,84.202314
CPH,CHAMPA,22.0348235,82.6652117
CPK,CHAPARMUKH JN,,
CPP,CHIPURUPALLE,18.3165733,83.5689641
CPR,CHHAPRA,25.7872602,84.7250566
CPS,CHAND SIAU,,
CPSN,CHHATRAPATI SAMBHAJINAGAR,19.8597998,75.3114008
CPU,CHOPAN,24.513559,83.0263892
CRJ,CHITTARANJAN,23.8491569,86.901887
CRP,CHANDRAPURA,23.7553585,86.1197099
CRWA,CHIRAWA,28.2234034,75.650335
CRX,CARRON,26.879957,88.9705051
CSMT,C SHIVAJI MAH T,,
CT,CHITTAPUR,18.8896606,78.6942332
CTC,CUTTACK,20.4656165,85.9011842
CTKT,CHHOTI KHATU,27.163748,74.365798
CTL,CHITAL,21.7453791,71.2187917
CTO,CHITTOOR,13.2193663,79.1033126
CUE,CHOUPALE,,
CUK,CHURK,24.6507587,83.1029967
CUR,CHURU,28.2888645,74.9664018
CVP,KOVILPATTI,9.1823313,77.8734215
CWLE,CHOWRIGACHA,23.9432021,88.1870624
DAA,DATIA,25.6406595,78.4559832
DAG,DHANG,26.7178569,85.3531805
DAKE,DAKHINESWAR,,
DAL,DALIGANJ JN.,,
DAS,DHASA JN,,
DBA,DABRA,25.8818881,78.3305079
DBD,DEOBAND,29.67959,77.6708855
DBG,DARBHANGA JN,,
DBRG,DIBRUGARH,27.4647373,94.9371639
DCK,DHANDHUKA,22.3849802,71.9765847
DD,DAUND JN,,
DDCC,DAUND CHORD LINE,18.4667083,74.5526912
DDE,DONDAICHA,21.3312641,74.5628682
DDJ,DUM DUM,22.6211141,88.3928973
DDL,DHANDARI KALAN,30.8640004,75.9164863
DDM,DAM DIM,,
DDN,DEHRADOON,,
DDR,DADAR,19.0173761,72.8430265
DDU,PT.DEEN DAYAL UPADHYAYA JN.,,
DEC,DELHI CANTT,28.6134972,77.1163415
DEE,DELHI SARAI ROHILLA,28.6627515,77.1852561
DEEG,DEEG,27.4867908,77.3249866
DEOR,DIYODAR,24.1124838,71.7695134
DEOS,DEORIA SADAR,26.5079698,83.7819579
DG,DINDIGUL JN,,
DGA,DIGHWARA,25.7441541,85.0038851
DGG,DONGARGARH,21.1851921,80.7612115
DGHR,DEOGHAR,24.5117352,86.6971625
DGR,DURGAPUR,23.494862,87.3181832
DHAE,DAINHAT,23.6007563,88.1716364
DHD,DAHOD,22.8439297,74.252386
DHG,DHRANGADHRA,22.9880615,71.4777529
DHN,DHANBAD JN,,
DHNE,DHONE JN,,
DHO,DHAULPUR,26.6963543,77.9059515
DHW,DHARIWAL,31.9515729,75.3240792
DIA,DIDWANA,27.4061158,74.5577959
DIB,DIBAI,28.1951464,78.3045539
DISA,DISA,24.2373511,72.1794023
DKBJ,DAHAR KA BALAJI,26.9445145,75.766114
DKJ,DORNAKAL JN,,
DLD,DALAUDA,23.9488996,75.1059228
DLGN,DHALGAON,17.122421,74.99099
DLI,DELHI JN.,28.6268968,77.2187181
DLJ,DHOLA JN,,
DLK,DALKOLHA,,
DLN,DILDARNAGAR JN,,
DLO,DALGAON,26.7143829,89.1371707
DLPC,DAULATPUR CHAUK,31.7719829,76.0076961
DLR,DULLAHAPUR,25.8000194,83.4232861
DMC,DHEMAJI,27.4894645,94.5425052
DMGN,DHAMALGAON,27.3874433,94.8375445
DMLE,DUMURDAHA,23.040696,88.4330295
DMM,DHARMAVARAM JN,,
DMO,DAMOH,23.8360587,79.4321389
DMR,DHARMANAGAR,24.369978,92.1699319
DMV,DIMAPUR,25.9049311,93.7276936
DNA,DEGANA JN,,
DNKL,DHENKANAL,20.6767247,85.5901721
DNN,DINA NAGAR,32.1332966,75.467288
DNR,DANAPUR,25.5823023,85.0463248
DNRP,DUNGARPUR,23.865892,73.696834
DNWH,DANIYAWAN BZR H,,
DO,DAUSA JUNCTION,,
DOB,DUNDLOD MUKANDGARH,27.9388781,75.237208
DOD,DHODHAR,23.7709692,75.1035962
DOK,DHOLKA,22.7315548,72.4344198
DOS,DEHRI ON SONE,24.9142734,84.1862208
DOZ,DAURAI,26.3956967,74.6193143
DPA,DURGAPURA,26.855093,75.7870163
DPJ,DHARMAPURI,12.1258613,78.154221
DPR,DHAMPUR,29.305732,78.5021532
DPS,DANGOAPOSI,22.1676921,85.5937241
DPU,DIPHU,25.8371941,93.4383663
DQG,DHUPGURI,26.5741749,88.9938148
DR,DADAR,19.0173761,72.8430265
DRD,DAHANU ROAD,19.9915236,72.7434083
DRH,DHARHARA,25.2580758,86.4116493
DRO,DARYAOGONJ,27.5981345,79.0827778
DRQ,DHARMINIYA,26.8297222,84.7799167
DRU,KADUR,13.5502511,76.0087022
DSA,DELHI SHAHDARA,28.6734557,77.2922087
DSJ,DELHI SAFDARJUNG,28.5896726,77.2190508
DSO,DESHNOK,27.790636,73.3387386
DTAE,DHATRIGRAM,23.2779708,88.3119217
DTO,DALTONGANJ,24.0340423,84.0744062
DUB,DABTARA,28.3645956,79.0007836
DUI,DHURI JN,,
DUMK,DUMKA,24.2898469,87.2551882
DUMR,DUMRA,26.562273,85.5334033
DURE,DUMRAON,25.5717507,84.1434411
DURG,DURG,21.2000869,81.2915794
DVD,DUVVADA,17.7041475,83.1517561
DVG,DAVANGERE,14.4679807,75.9195682
DWD,DHEKVAD,21.353579,74.1622424
DWDI,DIGHWA DUBAULI,26.2662863,84.7430871
DWK,DWARKA,28.6158874,77.0224342
DWR,DHARWAR,15.4540505,75.0066516
DWX,DEWAS,22.9780228,76.0519637
DXG,DHARANGAON,21.0061881,75.2863345
DXK,DHANA KHERLI,26.9492265,77.5341504
DYD,DARYABAD,26.8621598,81.5500709
DYW,DIYAWAN HALT,,
DZKT,DURGA CHAK TOWN,22.0663331,88.1353289
ED,ERODE JN,,
EE,ELURU,16.7181031,81.1194761
EKM,EKAMBARAKUPPAM,13.3165548,79.5667878
EKNR,EKTA NAGAR,21.8885056,73.6893287
EKR,EKANGARSARAI,25.2224815,85.2322638
ERN,ERNAKULAM TOWN,9.9916561,76.2863559
ERS,ERNAKULAM JN,9.0323502,76.7353869
ET,ITARSI JN,,
ETUE,ETMADPUR JN,,
ETW,ETAWAH JN,,
FA,FALNA,25.2359464,73.2351501
FAB,FATEHABAD,27.0192709,78.2997069
FBD,FARRUKHABAD,27.3824969,79.5716105
FDB,FARIDABAD,28.4107617,77.3070774
FGR,FATEHGARH,27.3700748,79.620752
FK,FEROK,11.1759122,75.8301877
FKG,FURKATING JN.,,
FL,PHULERA,26.8736095,75.2460237
FLK,FALAKATA,26.5392361,89.1914475
FSP,FATEH SINGHPURA,,
FTP,FATEHPUR,25.9167524,80.8016651
FTS,FATEHPUR SIKRI,27.0942617,77.6707151
FUT,FATUHA,25.5032324,85.3039643
FZR,FIROZPUR CANT,30.9412104,74.6168471
G,GONDIA JN,,
GADJ,GANDHINAGAR JAIPUR,26.8728017,75.7992199
GAGA,GALGALIA,26.5274342,88.1133825
GALE,GANKAR,24.404192,88.0724249
GAR,GADARWARA,22.9003732,78.7926881
GARA,GARHA,23.1414003,79.8647065
GAYA,GAYA JN,,
GB,GAURI BAZAR,26.5948552,83.6680744
GBA,GARBETA,22.844463,87.3209023
GBB,GUBBI,13.3214083,76.9387568
GCT,GHAZIPUR CITY,25.5835078,83.567926
GD,GONDA JN,,
GDA,GODHRA JN,,
GDB,GIDDARBAHA,30.2012565,74.6621329
GDG,GADAG JN,,
GDO,GOVERDHAN,27.0944106,77.6664906
GDR,GUDUR JN,,
GDV,GUDIVADA JN,,
GDYA,GHORADONGRI,22.1256421,78.0021998
GED,GULEDAGUDDA RD,15.8759057,75.7219923
GG,GANDHIGRAM,23.0263816,72.5688934
GGAR,GANGADHRA,,
GGC,GANGAPUR CITY JUNCTION,,
GGJ,GOSHAINGANJ,26.5701453,82.3845663
GGLE,GANGATIKURI,23.7184197,88.0878908
GGN,GURGAON,28.4890874,77.0111572
GHD,GARWA ROAD JN,,
GHJ,GURSAHAIGANJ,27.1180386,79.7334274
GHY,GUWAHATI,26.1821371,91.7507423
GID,GIDDALUR,15.379383,78.926331
GIMB,GANDHIDHAM BG,23.0718743,70.131715
GIN,GINIGERA,15.3479803,76.2475769
GIR,GAINSARI JN,,
GJD,GUJHANDI,24.498121,85.463683
GJL,GAJRAULA JN,,
GKP,GORAKHPUR JN,,
GLA,GARLA,17.4862118,80.1395637
GLMA,GULMA,26.8030605,88.404413
GLPT,GOALPARA TOWN,26.1270795,90.6211111
GMO,NSC BOSE J GOMO,,
GMS,GARHMUKTESAR,28.7606635,78.1412593
GNG,GAURIGANJ,26.2039462,81.6863007
GNH,GANGAKHER,18.973867,76.7556002
GNT,GUNTUR JN,,
GODA,GODDA,24.8297136,87.1928584
GOH,GAROT,24.278783,75.6844593
GOM,GOGAMUKH,27.4417161,94.3212387
GOPG,GOPALGANJ,26.4537621,84.4352631
GOTN,GOTAN,26.6526809,73.7379902
GOY,GOVINDPURI,26.4536771,80.312879
GP,RAJ GANGPUR,,
GPAE,GUPTIPARA,23.1969311,88.4182167
GPB,GHATPRABHA,,
GRF,GAMBHIRI ROAD,24.6935748,74.6704914
GRH,GHORASAHAN,26.8207345,85.1272683
GRRU,GURARU,24.8110078,84.7915041
GRU,GAROPARA,26.6544771,89.4876015
GSP,GURDASPUR,32.043626,75.4199403
GTL,GUNTAKAL JN,,
GTNR,GOMTI NAGAR,26.8611743,81.0039196
GTS,GHATSILA,22.5859699,86.4791554
GUNA,GUNA,24.6409015,77.3142908
GVG,GOVINDGARH,27.499158,76.9877931
GVH,GOVIND GARH,28.9688913,77.7243812
GVL,GUDLAVALLERU,16.3482365,81.0468363
GWA,GANJ DUNDWARA,27.7262138,78.9388293
GWD,GADWAL,16.2251954,77.809493
GWL,GWALIOR JN.,,
GY,GOOTY,15.1495485,77.625239
GYN,GYANPUR ROAD,25.2799641,82.4277714
GZB,GHAZIABAD,28.6725546,77.4137315
HAN,HINDAUN CITY,26.7557873,77.0314809
HAPA,HAPA,22.4685763,70.1178364
HBL,HOMBAL,14.7782585,76.0036266
HCNR,HARI CHANDANPUR,,
HCR,HARISCHANDRPUR,,
HD,HARDA,22.3390401,77.1015504
HDK,HANDIA KHAS,25.3569698,82.1910462
HDN,HAIDARNAGAR,24.497244,83.9501488
HDW,HALDWANI,29.2157328,79.5334253
HEI,HEGGERE HALT,,
HEM,HIMAYATNAGAR,19.417082,77.869045
HG,HOTGI,17.5652835,75.9895751
HGT,HINGANGHAT,20.542611,78.8331636
HIJ,HIJLI,22.3196993,87.3193294
HIL,HILSA,25.3173575,85.2770406
HIR,HARINAGAR,27.1562642,84.3243143
HJI,HOJAI,26.0019592,92.8516602
HJP,HAJIPUR JN,,
HKD,HAILAKANDI,24.6812721,92.5679553
HKL,HARKIA KHAL,24.3630894,74.9190125
HLAR,HOLE ALUR,15.82027,75.6467462
HLDR,HALDAUR,29.2905756,78.2751387
HLZ,HALDIA,22.044614,88.0654592
HMH,HANUMANGARH JN,,
HMT,HIMMATNAGAR,23.5919297,72.96025
HMY,HARMUTI,27.1190192,93.8606073
HNL,HINGOLI DECCAN,19.7267119,77.1477651
HOH,HONAGANAHALLI,12.3455661,76.9352373
HOJ,HAMITONGANJ,,
HOL,HOL,20.590919,75.1916742
HPP,HARPALPUR,25.2903048,79.3336402
HPT,HOSAPETE JUNCTION,15.2865355,76.3865828
HPU,HAPUR,28.7395389,77.7789714
HRI,HARDOI,27.4000849,80.1475002
HRR,HARIHAR,14.5153541,75.8110476
HSA,HASIMARA,26.7269507,89.3472997
HSD,HOSDURGA ROAD,,
HSDA,HANSDIHA,24.6115439,87.0854735
HSR,HISAR,29.1523467,75.7245798
HSRA,HOSUR,12.7183361,77.8229481
HTC,HATHRAS CITY,27.5997984,78.0544885
HTE,HATIA,23.3131337,85.3058525
HTK,HATKANANGALE,16.7477491,74.4211932
HTNL,HITNAL,15.3285893,76.3087301
HTZ,HATHIDAH JN,,
HUP,HINDUPUR,13.818776,77.4999363
HVD,HALVAD,23.0182418,71.1833818
HVL,HONNAVALLI RD,13.2753915,76.3683093
HVR,HAVERI,14.7947529,75.4111439
HW,HARIDWAR JN,,
HWH,HOWRAH JN,,
HX,CUDDAPAH,14.4956602,78.8349278
HYB,HYDERABAD,17.3924223,78.4675956
HZBN,HAZARIBAGH TOWN,,
HZD,HAZARIBAGH RD,24.1746016,85.8918945
IAA,INDARA JN,,
IDG,INDARGARH,30.9287173,75.3093743
IDH,IDGAH AGRA JN,,
IDR,INDI ROAD,17.2108496,75.9188694
IGP,IGATPURI,19.6944394,73.5638878
IJK,IRINJALAKUDA,10.341918,76.2816032
IMR,IBRAHIMPUR,20.6455301,76.2457665
INDB,INDORE JN,,
IPM,ICHCHPURAM,,
IPR,ISLAMPUR,25.1374471,85.2171487
ISA,ISARDA,26.1701818,76.0303381
IZN,IZZATNAGAR JN,,
J,JALNA,19.8318228,75.8909339
JAA,JHALIDA,23.3648678,85.9784263
JAB,YAMUNA BRIDGE JN,,
JAIS,JAIS,26.26203,81.519591
JAJ,JHAJHA,24.7728576,86.3862997
JAM,JAMNAGAR,22.4930279,70.0535096
JAO,JAORA,23.6291483,75.1159444
JAT,JAMMUTAVI,,
JBP,JABALPUR,23.1649573,79.9512511
JER,JALESWAR,21.7976371,87.2200637
JEUR,JEUR,18.26162,75.1620767
JGM,JHARGRAM,22.4544103,86.9981856
JHBN,JMTPUR BAHARAN,,
JHD,JEHANABAD,25.2265291,84.9910577
JHL,JAKHAL JN,,
JHN,JAKHIM,24.8289351,84.5264617
JIND,JIND JN,,
JIT,JIRAT,23.097519,88.4615651
JJKR,JAJPUR K ROAD,20.9466112,86.1213423
JJN,JHUNJHUNU,28.0798944,75.5424211
JKNI,JHARKHANDI,27.4332104,82.1803705
JKPR,JAKHAPURA,20.9162794,86.0647151
JL,JALGAON JN,,
JLD,JARWAL ROAD,27.1206715,81.5403893
JLL,JALALGANJ,25.6111516,82.7732545
JML,JUMNAL,16.721894,75.7141891
JMP,JAMALPUR JN,,
JMT,JAMTARA,23.9801639,86.9243637
JND,JUNAGADH JN,,
JNH,JANGHAI JN,,
JNRI,JALANDARI,,
JNU,JAUNPUR JN,,
JOC,JOYCHANDI PAHAR,23.5171901,86.681166
JOP,JAUNPUR CITY,25.7337408,82.6669239
JOR,JALOR,25.3543102,72.6341645
JP,JAIPUR JN.,26.9207888,75.7866539
JPE,JALPAIGURI ROAD,26.5591792,88.7094385
JPL,JAPLA,24.5390405,84.0029468
JRC,JALANDHAR CANT,31.3073313,75.6311992
JRKT,JADARAMA KUNTE,,
JRLE,JANGIPUR ROAD,24.4591111,88.0412873
JRU,CHIKJAJUR JN,,
JSG,JHARSUGUDA JN,,
JSGR,JHARSUGUDA ROAD,21.8461265,84.0115004
JSME,JASIDIH JN.,,
JTJ,JOLARPETTAI JN.,,
JTRD,JATH ROAD,17.2182545,75.1116573
JU,JODHPUR JN,,
JUC,JALANDHAR CITY,31.3312228,75.5907178
JVT,JIBANTI,,
JWO,JAWAD ROAD,24.5584858,74.7652038
JYG,JAYNAGAR,26.5902775,86.1356516
KAP,KALIANPUR,26.5032517,80.2526863
KARR,KHARAR,30.7266681,76.6362157
KART,KIRATPUR SAHIB,31.1867093,76.5629437
KATL,KATOL,21.2634169,78.5904789
KAWR,KARWAR,14.8202478,74.1825906
KBH,KHANDBAARA,,
KBL,KOPPAL,15.5748238,76.3118494
KCF,KALCHINI,26.6877066,89.4483963
KCG,KACHEGUDA,17.38927,78.4991849
KCI,KALLKIRI,,
KCKI,KECKHI,23.9286976,84.1465938
KDG,KEDGAON,18.4820871,74.3767149
KDJR,KENDUJHAR,21.5892323,85.6687841
KDM,KESAMUDRAM,17.6862457,79.8969833
KDPR,KUMEDPUR,25.4280163,87.8067067
KEG,KARENGI,28.3431841,79.0510891
KEI,KASHI,25.3268078,83.0318039
KEM,KEM,18.1768096,75.2743674
KFF,KOLDA,22.2477651,75.8333202
KGA,KHAGA,25.7622035,81.1013173
KGG,KHAGARIA JN.,,
KGLE,KHAGRAGHAT ROAD,24.1065971,88.2265089
KGM,KATHGODAM,29.266646,79.5466346
KGP,KHARAGPUR JN,,
KGQ,KASARAGOD,12.4913005,74.9876287
KGX,KANGINHAL,15.448401,75.7195787
KHMA,KHATIMA,28.9151423,79.969394
KHNR,KACHNARA,23.8399434,75.1024415
KHS,KHARSIA,21.9920491,83.1040855
KHT,SRI KALAHASTI,13.7458324,79.6832591
KHTG,KHATGAON,21.252732,73.9842081
KI,KONDAPALLI,16.6237078,80.5468796
KIM,KIM,21.3996957,72.92659
KIR,KATIHAR JN,,
KIT,KHALLIKOT,19.611017,85.1277618
KIUL,KIUL JN,,
KJH,KAJRA,25.1823454,86.2622548
KJM,KRISHNARAJAPURM,,
KJN,KANNAUJ,27.0281287,79.9249069
KJT,KARJAT,18.9130788,73.3208486
KJU,KUNTIGHAT,23.0171023,88.4135873
KKDE,KURUKSHETRA JN,,
KKDI,KARAIKKUDI JN,,
KKLR,KAIKOLUR,,
KKRD,KIKAKUI ROAD,21.129503,73.4926457
KLAR,KULPAHAR,25.2948124,79.6363876
KLB,KIRAOLI,27.1339925,77.7859069
KLBG,KALABURAGI,17.3149291,76.8256326
KLD,KHALILABAD,26.7751208,83.05424
KLJ,KAMALGANJ,27.2586871,79.630341
KLK,KALKA,30.8392295,76.9315647
KLL,KALOL,23.2436683,72.503355
KLNK,KALANAUR KALAN,28.833659,76.3864793
KLNT,KALINAGAR,23.3658885,88.3359081
KLRE,KHALARI,23.6504597,85.0029245
KMAE,KHAMARGACHHI,23.0541106,88.4439435
KMC,KAMAREDDI,18.3251976,78.3360019
KMJ,KAIMGANJ,27.53993,79.3284276
KMME,KUMARDUBI,23.7475499,86.7943499
KMNC,KUCHAMAN CITY,27.0534366,74.8513462
KMT,KHAMMAM,17.2489479,80.1391886
KMZ,KATNI MURWARA JUNCTION,,
KNDP,KHANDIP,26.6408916,76.9119969
KNE,KISHANGANJ,26.0983336,87.9504424
KNN,KHANNA,30.708775,76.223487
KNP,KHANAPUR,15.6377745,74.4997035
KNSN,KARNA SUBARNA,24.0260572,88.1754608
KNT,KANTH,29.0593636,78.6215033
KNVT,KINWAT,19.618782,78.2027909
KNW,KHANDWA JUNCTION,21.8237022,76.3532291
KOAA,KOLKATTA TERMINAL,,
KOJ,KOKRAJHAR,26.4046355,90.2725956
KOO,KHUSROPUR,25.4854063,85.3875446
KOP,KOLHAPUR,16.7023332,74.2382556
KOTA,KOTA JN,,
KOV,KIRLOSKARVADI,17.0832291,74.4172371
KP,KAMPTEE,21.2108564,79.1959787
KPD,KATPADI JN,,
KPE,KAUWAPUR,27.5141949,82.2967064
KPG,KOPARGAON,19.9032845,74.5036058
KPN,KUPPAM,12.74728,78.3403626
KPTN,KESHORAI PATAN,25.3234532,75.9373779
KPY,KARUNAGAPPALLI,9.0652253,76.5446447
KPZ,KAPREN,25.4441169,76.0857656
KQN,KODAIKANAL ROAD,10.2348197,77.4903345
KQR,KODERMA,24.4351882,85.5279448
KQU,KAMARKUNDU,22.8210774,88.2032559
KRA,KAREPALLI,17.5107993,80.2711885
KRD,KARAD,17.3096343,74.2168653
KRG,KOREGAON,17.6919946,74.1490683
KRJ,KHURJA JN,,
KRLR,KARAILA ROAD JN,,
KRNH,KARANAHALLI,,
KRNT,KURNOOL CITY,15.8325993,78.0326224
KRR,KARUR JN.,,
KRSL,KRISHNASHILLA,24.1585649,82.7670335
KRY,KADIRI,14.1146149,78.1653971
KS,KHETA SARAI,25.9660156,82.6891591
KSAR,KUDALA SANGAM,,
KSB,KOSAMBA JN,,
KSF,KHALISPUR,25.5267245,82.8308757
KSG,KISHANGARH,26.575597,74.8248771
KSJ,KASGANJ,27.801985,78.6461269
KSN,KRISHNA,22.3295398,88.4505893
KSNG,KESINGA,20.1906391,83.2227735
KSRA,KASARA,19.64597,73.4723586
KSX,KOTSHILA,23.4112767,86.0795304
KT,KUMTA,14.4372403,74.421244
KTE,KATNI,23.8347633,80.4006981
KTES,KATNI SOUTH JUNCTION,,
KTH,KATRASGARH,23.79617,86.3017904
KTLR,KANTHALIYA ROAD,,
KTQ,KUDRA,25.0491772,83.792502
KTU,KUTTIPPURAM,10.845727,76.033311
KTV,KOTTAVALASA,17.8909545,83.1863609
KTW,KOTDWARA,29.7446283,78.5220345
KTYM,KOTTAYAM,9.5948345,76.5317478
KUD,KUDACHI,16.6242898,74.858412
KUDA,KUNDAPURA,13.6133737,74.7286856
KUDL,KUDAL,16.0167593,73.6779418
KUMB,KUMARBAGH,26.8742951,84.5120713
KUN,KARNAL,29.6943977,76.9692194
KUR,KHURDA ROAD JN,,
KURJ,KHAJURAHO,24.7963896,79.8892878
KVK,KAVATHE MAHANKAL,17.0067674,74.8651451
KVZ,KAVALI,14.9155342,79.9889709
KWAE,KATWA,23.6400038,88.1237572
KWC,KUNDWA CHAINPUR,26.7710186,85.1853442
KWP,KHATIPURA,26.8361206,75.8910715
KWV,KURDUVADI JN.,,
KY,KARELI,22.9322525,79.0666841
KYJ,KAYANKULAM JN,,
KYN,KALYAN JN,17.4442963,78.4331967
KYQ,KAMAKHYA,26.1572797,91.6920689
KZE,KANHANGAD,12.3207974,75.0847393
KZJ,KAZIPET JN,,
KZPE,KAZIPARA HALT,23.9063441,88.1881608
LAD,LOHARDAGA  BS,23.433053,84.679921
LAR,LALITPUR,24.6878726,78.3957263
LAU,LADNUN,27.6433883,74.4053905
LBA,LAMBHUA,26.1341501,82.2234821
LBN,LABAN,25.5733068,76.2082782
LBT,LALGARH BIHAR HALT,24.1607467,83.9735206
LCAE,LALBAGH CRT RD,,
LD,LONDA JN,,
LDH,LUDHIANA JN,,
LGH,LALGARH JN,,
LHN,LACHYAN,17.2789625,75.9713756
LHU,LOHARU,28.4271303,75.803209
LJN,LUCKNOW,26.8311583,80.9243609
LKE,LAKHERI,25.6394164,76.1931473
LKKD,LAKKAD KOT,,
LKO,LUCKNOW JN.,,
LKR,LUCKEESARAI JN,,
LKS,LUNKARANSAR,28.4931301,73.7431429
LKU,LALKUA JN.,,
LKX,LAKSHMIPUR,25.290373,87.3755793
LKY,LAKHMAPUR,15.8698853,75.6272151
LMG,LUMDING JN,,
LMT,ALMATTI,16.3450459,75.9012249
LNK,LOHIAN KHAS JN,,
LNL,LONAVALA,18.7491974,73.4093658
LPI,LINGAMPALLI,17.4836188,78.3168445
LRD,LAR ROAD,26.2137198,83.910233
LRJ,LAKSAR JN,,
LRU,LALPUR UMRI,26.4298107,76.6800127
LSR,LASUR,19.9263446,75.0118617
LTHR,LATEHAR,23.725346,84.4679109
LTRR,LATUR ROAD,18.5064442,76.8451251
LTT,LOKMANYATILAK,,
LUNI,LUNI JN,,
LUSA,LUSA,24.8762706,82.8429524
LWR,ALNAVAR JN,,
MABD,MAHBUBABAD,17.595749,79.9999224
MAHE,MAHE,11.69899,75.5465396
MAJN,MANGALORE JUNCTION,12.866628,74.8792308
MALM,MANTHRALAYAM RD,10.9734354,79.3945848
MAN,MANINAGAR,22.9986995,72.6109437
MAO,MADGAON JUNCTION,15.2673269,73.9703441
MAP,MORAPPUR,12.1259048,78.394782
MAQ,MANGALORE CENTRAL,12.8634037,74.8432387
MAS,PURATCHI THALAIVAR DR. MGR CTL,,
MAU,MAU JN,,
MAY,MARIAHU,25.5968769,82.5979649
MB,MORADABAD,28.8313915,78.7654415
MBA,MAHOBA,25.3063687,79.8502763
MBDD,MAA BARAHI DEVI DHAM,,
MBDP,MAA BELHA DEVI DHAM PRATAPGARH,,
MBG,MAIBANG,25.3048267,93.1358671
MBI,MADHUBANI,26.3488763,86.0770181
MBNL,MARWAR BHINMAL,25.0010136,72.2757664
MBNR,MAHBUBNAGAR,16.7577914,78.0000755
MBS,MADHOSINGH,25.2497857,82.5513983
MCDA,MAA CHANDIKA DEVI DHAM ANTU,,
MCI,MANCHERAL,,
MCSC,MAHARAJA CHHATRASAL STATION CHHATARPUR,24.8780371,79.6151277
MCTM,MARTYR CAPTAIN TUSHAR MAHAJAN,32.9262335,75.1536205
MCU,MULACALACHERUVU,,
MDE,MAKHDUMPUR GAYA,25.0775422,84.9787473
MDF,MURADI,23.5932025,86.8094043
MDJ,MUHAMMADGANJ,24.4268315,83.8702537
MDJN,MADAR JN,,
MDKD,MADHUKUNDA,23.6267965,86.8691992
MDLE,MANDAR HILL,24.8060851,87.0263454
MDN,MIDNAPORE,22.4251357,87.3079674
MDP,MADHUPUR JN.,,
MDR,MADHIRA,16.922272,80.3655535
MDS,MANDASOR,,
MDT,MADARIHAT,26.6943351,89.2747529
MDU,MADURAI JN,,
MDW,MARWAR MUNDWA,27.0638466,73.815932
MEP,MAHIDPUR ROAD,23.567646,75.5005733
MESR,MESRA,23.4224619,85.4185533
MFKA,MUSAFIR KHANA,26.3794882,81.7996547
MFP,MUZAFFARPUR JN,,
MGB,MUDIGUBBA,14.3488384,77.996084
MGL,MUGALALLI HALT,,
MGLE,MANIGRAM,24.3431422,88.1080981
MGME,MCCLUSKIEGANJ,23.651997,84.9414664
MGN,MEGHNAGAR,22.9076618,74.5398577
MGR,MONGHYR,25.3773519,86.4731039
MHC,MASRAKH,26.1002639,84.809313
MHD,MAHEMADAVAD KHEDA ROAD,22.8191702,72.7524706
MHRG,MAHENDRAGARH,28.2805901,76.1481938
MHTR,MALIHATI TBR RD,,
MIAN,MIANGRAM,23.8518137,88.1706929
MID,MADHI,21.1457123,73.2424025
MIH,MIHRAWAN,25.8707373,82.6939154
MIL,MILAK,28.612475,79.164117
MIQ,MIRHAKUR,27.1507576,77.8659869
MJ,MARWAR JN,,
MJE,MUJNAI,26.6932259,89.1895511
MJL,MAJHOWALIA,26.8017651,84.6194102
MJRI,MAJRI JN,,
MJZ,MAJHOLA PAKARYA,28.8208101,79.8918673
MKA,MOKAMA,25.3958052,85.9220644
MKC,MAKSI JN,,
MKN,MAKRANA JN,,
MKP,MANIKPUR JN,,
MKSR,MOKALSAR,25.627239,72.5196556
MKU,MALKAPUR,20.891958,76.2040353
MLDT,MALDA TOWN,25.0159641,88.1305759
MLG,MALHARGARH,24.266559,74.9736878
MLGH,MANDAL GARH,,
MLP,MALLAPUR,15.672561,75.6107402
MLPR,MALIPUR,26.2811084,82.6307907
MLSA,MALLASANDRA,13.3349714,77.015439
MLZ,MALARNA,26.2311534,76.5351898
MMA,MUHAMMADABAD,26.0263318,83.3758514
MMCT,MUMBAI CENTRAL,18.9695855,72.8193152
MML,MADAN MAHAL,23.160281,79.9207952
MMR,MANMAD JN,20.2501817,74.439395
MNAE,MANKAR,23.4203542,87.5547961
MNDR,MANDI DHANAURA,28.9528324,78.2614111
MNE,MANSI JN,,
MNGD,MUNIGUDA,19.627061,83.4887531
MNI,MANGAON,18.247448,73.275442
MNL,MINCHNAL,16.9705608,75.8217834
MNM,MANAMADURAI JN,,
MNV,MUNGAOLI,24.4023238,78.1118902
MNWL,MANWAL,32.7689671,75.132188
MON,MODRAN,25.1870086,72.447139
MOT,MALOUT,30.1853829,74.4961932
MOZ,MUZAFFARNAGAR,29.470013,77.7081822
MPL,MADANAPALLE RD,13.6443583,78.5556648
MPLR,MAHIPAL ROAD,24.2890856,88.1885721
MQS,MALSIAN SHAHKHT,,
MRA,MORENA,26.5013204,78.0028617
MRB,MUNIRABAD,15.3080081,76.3363826
MRDW,MURDESHWAR,14.1008191,74.505423
MRE,MANAURI,25.4698192,81.6619051
MRGA,MIRYALAGUDA,16.8601014,79.5339903
MRHT,MORANHAT,27.1827599,94.9193188
MRJ,MIRAJ JN.,,
MRK,MARKAPUR ROAD,15.7152836,79.3036478
MRND,MORINDA,30.7760176,76.4885377
MRPR,MAU RANIPUR,25.2607045,79.1371001
MS,CHENNAI EGMORE,13.0777493,80.2612572
MSDG,MHASOBA DONGARGAON,,
MSDH,MASNADIH,26.9203209,84.817219
MSH,MAHESANA JN,,
MSKT,MSKT KATHUA,,
MSR,MASUR,17.4051415,74.1447937
MSS,MASARAHALLI,13.8105863,75.7305784
MTC,MEERUT CITY,28.9789661,77.6756994
MTD,MERTA ROAD JN,,
MTJ,MATHURA JN.,,
MTM,MACHILIPATNAM,16.1746768,81.1431048
MTT,MUTUPET,10.4026999,79.4988536
MTY,MULTAI,21.7828449,78.263508
MUE,MUDKHED,19.1480047,77.5097482
MUGR,MANUGURU,17.8984686,80.8118619
MUR,MANKAPUR JN,,
MURI,MURI JN,,
MV,MAYILADUTURAI JN,,
MVD,MULVAD,16.6203342,75.7469923
MVJ,MAVLI JN,,
MVLK,MAVELIKARA,9.2504893,76.5402433
MVO,MANWATH ROAD,,
MXH,MAKHU,31.10579,74.9840227
MXL,MOKHOLI,26.1616958,76.4618388
MXN,MARIANI JN,,
MYA,MANDYA,12.5301369,76.8999177
MYG,MIYAGAM KARJAN,22.0511891,73.1203267
MYR,MAIHAR,24.2567489,80.7637341
MYS,MYSORE JN,,
MZM,MUZZAMPUR NRYN,,
MZP,MIRZAPUR,25.1349626,82.5684437
NAB,NAGBHIR JN,,
NAD,NAGDA JN,,
NAK,NAKSALBARI,26.6798838,88.19857
NBD,NAJIBABAD JN,,
NBG,NABINAGAR ROAD,24.6541296,84.0944411
NBH,NIMBAHERA,24.6236769,74.6946014
NBL,NIMBAL,17.1187954,75.8603369
NBQ,NEW BONGAIGAON,26.4758239,90.5372357
NCB,NEW COOCH BEHAR,26.3529707,89.4690675
NCJ,NAGERCOIL JUNCTION,8.174535,77.4438789
ND,NADIAD JN,,
NDAE,NABADWIP DHAM,23.3975459,88.3566997
NDB,NANDURBAR,21.3737635,74.2445558
NDD,NIDADAVOLU JN,,
NDKD,NADIKODE,,
NDL,NANDYAL,15.4692214,78.4704598
NDLS,NEW DELHI,28.6402816,77.2204103
NDN,NARDANA,21.1780424,74.8284356
NDPM,NARMADAPURAM,22.7529598,77.7173261
NDU,NADAUL,25.2965388,85.0173352
NDW,NADWAN,25.3963985,85.0657314
NED,NANDED,19.1601795,77.3098821
NEW,NIVARI,25.3279888,78.8203351
NFK,NEW FARAKKA JN,,
NGG,NAGINA,29.4382695,78.4237154
NGLT,NAGLATULA,,
NGNT,NEW GUNTUR,16.3101019,80.4572143
NGO,NAGAUR,27.2000117,73.7237044
NGP,NAGPUR JN.,,
NH,NAIHATI JN,,
NHH,NIHALGARH,26.4602684,81.6326433
NHLG,NEW HAFLONG,25.1480102,93.0320565
NHLN,NAHARLAGUN,27.1308555,93.709712
NHM,NANDOL DEHEGAM,,
NIA,JANJGIR NAILA,22.0229287,82.565318
NIR,NAINPUR JN,,
NJP,NEW JALPAIGURI,26.6828552,88.4424796
NK,NASIK ROAD,19.9480582,73.8420837
NKB,NAGRAKATA,26.8858311,88.9180178
NKE,NARKATIAGANJ JN,,
NKM,NAMKOM,23.3516539,85.3762764
NKMG,NEW KARIMGANJ,24.8429273,92.3947736
NLDA,NALGONDA,17.0606367,79.2832849
NLDM,NANGAL DAM,31.3707741,76.3735024
NLE,NILESHWAR,12.2562243,75.1353689
NLI,NAMLI,23.4555165,75.0669853
NLP,NORTH LAKHIMPUR,27.254431,94.1120339
NLR,NELLORE,14.4619736,79.9902272
NLSF,NIYALISH PARA,,
NMD,NOMODA,,
NMH,NIMACH,24.4624649,74.8501137
NMKL,NAMAKKAL,11.2259875,78.1790821
NMM,NEW MISAMARI,26.8108957,92.5773509
NMZ,NEW MAL JN,,
NNA,NAUGACHIA,25.3857731,87.0997616
NNHT,NONIHAT,24.4766677,87.1423404
NNO,NANGLOI,28.6822009,77.0562463
NNW,NARAYANPUR TATWARA,26.3441126,76.6358692
NOK,NOKHA,27.5552713,73.4755961
NOMD,NOAMUNDI,22.1519309,85.5218455
NOQ,NEW ALIPURDUAR,26.486343,89.541349
NPS,NAPASAR,27.9810152,73.5637013
NRE,NANDALUR,14.2707973,79.104387
NRKR,NARKHER,21.4696773,78.5253131
NRM,NURMAHAL,31.0817655,75.6014141
NRO,NAKODAR JN,,
NRSD,NEW RUNNISAIDPUR HALT,,
NRT,NARASARAOPET,16.2301301,80.0403823
NRW,NARWANA JN,,
NS,NARASAPUR,16.4441905,81.6997881
NSD,NASIRABAD,26.2950699,74.7173813
NSL,NAGARSOL,20.1012655,74.5431539
NSU,NISUI,,
NTR,NITTUR,13.3026477,76.8559516
NTSK,NEW TINSUKIA,27.4797097,95.3340578
NU,NARSINGHPUR,22.9431778,79.2142889
NUQ,NAGAR UNTARI,24.2852638,83.5137138
NVS,NAVSARI,20.9481307,72.9130969
NWD,NAWADAH,24.8858896,85.5481255
NWH,NAWALGARH,27.8439617,75.2464552
NWMS,NOAPARA MAHISHASUR H,,
NWU,NAVAPUR,21.1666239,73.7725174
NXN,NUAGAON,20.3645486,86.5606195
NYP,NAYUDUPETA,13.9086795,79.900829
NZB,NIZAMABAD JN.,,
NZM,HAZRAT NIZAMUDDIN JN,,
OBR,OBRA DAM,24.4395183,82.9774315
OBVP,OBULAVARIPALLI,14.0404116,79.2678277
ODB,OODLABARI,26.8669367,88.6244478
ODC,ODDANCHATRAM,10.4851135,77.7460054
ODM,ONDAGRARM,,
OGL,ONGOLE,15.4978067,80.0571205
OKHA,OKHA,22.4716083,69.0765418
ON,UNNAO JN,,
ORAI,ORAI,25.9827679,79.4597648
OYR,WARIA,23.5384771,87.2462995
PAK,PAKALA JN,,
PAN,PANAGARH,23.443148,87.4582663
PAR,PANDHURNA,21.5898263,78.5258059
PAU,PURNA JN,,
PAV,PEDANA,16.2516757,81.1443131
PAY,PAYYANUR,12.0910795,75.1946515
PBE,PILIBHIT JN,,
PBN,PARBHANI JN,19.2577028,76.7737511
PCOI,PRAYAGRAJ CHHEOKI,25.3786676,81.8731233
PDNR,PADNUR,,
PDP,PADSE,21.1277494,74.9343538
PDRD,PINDRA ROAD,25.4946608,82.8529058
PDWA,PINDWARA,24.7893617,73.038478
PDZ,PILODA,21.1014023,75.7727997
PER,PERAMBUR,13.1082594,80.2515158
PES,PHESAR,24.84529,84.4180575
PGI,PARPANANGADI,,
PGK,PILI BANGAN,29.4838812,74.0788444
PGRL,PIDUGURALLA,16.4782303,79.8768661
PGT,PALAKKAD JN,,
PGW,PHAGWARA JN,,
PHN,POKHRAYAN,26.2234404,79.8411177
PHR,PHILLAUR JN,,
PIL,PILER,13.6625987,78.9280785
PIP,PIPLIA,24.2036228,75.007569
PKF,POKLA,22.9195303,84.9510436
PKO,PALAKOLLU,16.5220989,81.717473
PKR,PAKUR,24.6379647,87.8558666
PKT,PATTUKKOTTAI,10.4162901,79.3205603
PKU,PANSKURA,22.3926941,87.7427409
PKW,PILKHUA,28.7125191,77.6684448
PLD,PALDHI,21.0223316,75.4607319
PLG,PALGHAR,19.6978882,72.7718888
PLJ,PALEJ,21.9205704,73.0726247
PLNI,PALANI,10.4573165,77.5219523
PLSN,PALSANA,27.4857497,75.3776831
PMK,PARAMAKKUDI,9.5394619,78.5910826
PMR,PITAMBARPUR,28.2000044,79.5381483
PMY,PALI MARWAR,25.7909744,73.3272855
PNBE,PATNA JN,,
PNC,PATNA SAHEB,,
PNME,PARASNATH,23.9873085,86.0379701
PNP,PANIPAT JN,,
PNU,PALANPUR JN,,
PNVL,PANVEL,18.9891659,73.1212219
PNW,PUNDAG,23.343891,85.272278
POY,POLLACHI JN.,,
PPI,PIPARIYA,22.7543115,78.3558763
PPN,PUNPUN,25.4891206,85.0995904
PPR,PIPAR ROAD JN,,
PPT,PIRPAINTI,25.2900363,87.4211285
PPTA,PATLIPUTRA,25.6216198,85.0688695
PPW,PACHPERWA,27.5299495,82.6390221
PRDP,PARADEEP,20.2797383,86.6122727
PRLI,PARLI VAIJNATH,18.8527263,76.5248259
PRP,PAHARPUR,24.6244194,85.2065737
PRR,PURULIA JN.,,
PRRB,PRAYAGRAJ RAMBAG,25.4396813,81.8492933
PRT,PANRUTI,11.7731017,79.5547343
PRYJ,PRAYAGRAJ JN,,
PSA,PALASA,18.7573816,84.4219454
PSAE,PURBASTHALI,23.4525979,88.3248629
PSLI,PARSOLI,25.1119425,74.8743557
PTAE,PATULI,23.5473858,88.2521117
PTB,PATTAMBI,10.8022383,76.1809281
PTH,PATRANGA,26.8251313,81.626136
PTI,PATIALI,27.6841812,78.9839974
PTJ,PODANUR JN,,
PTK,PATHANKOT,32.2593779,75.6365359
PTKC,PATHANKOT CANTT,32.2593779,75.6365359
PTLI,PATHAULI,27.1569818,77.9253496
PTN,PATAN,23.8546248,72.1308559
PTRD,PATAUDI ROAD,28.347879,76.7522376
PTRU,PATRATU,23.6668568,85.3056514
PTU,PARTUR,19.576485,76.2130772
PUK,PUDUKAD,10.4207845,76.2609953
PUL,RAMPURA PHUL,30.2684555,75.2361363
PUNE,PUNE JN,18.5288773,73.8744146
PURI,PURI,19.8102972,85.8415458
PUS,PHUSRO,23.7675861,86.0097823
PUT,PUTTUR,13.4398525,79.5527833
PVI,PERAVURANI,10.2857334,79.2006507
PVP,PARVATIPURAM,18.769903,83.427157
PVR,PANDHARPUR,17.6696359,75.3208411
PYHT,PRAYAHAT HALT,,
PYOL,PAYYOLI,11.5171659,75.6185483
QLD,QUILANDI,11.4462041,75.693369
QLN,KOLLAM JN,,
R,RAIPUR JN.,,
RAA,BARARA,30.2128704,77.0384921
RAH,RAMGARH,23.6174376,85.5185557
RAIR,RAIRAKHOL,21.0462204,84.3333106
RANI,RANI,25.3487179,73.3109679
RAY,RAY,23.6789588,85.0597885
RBG,RAYBAG,16.4837048,74.8071115
RBL,RAE BARELI JN,,
RBS,RUPBAS,26.9898115,77.590514
RC,RAICHUR,16.1921995,77.3395346
RDHP,RADHANPUR,23.8472862,71.5858439
RDI,KARDI,13.2671928,76.5723116
RDL,RUDAULI,26.762188,81.754202
RDM,RAMGUNDAM,18.764092,79.4740071
RDN,RUDAIN,27.5806112,79.1845526
RE,REWARI JN.,,
REAI,REASI,33.0912325,74.8759611
REN,REN,26.7888214,74.0753191
REWA,REWA,24.5378101,81.251495
RFJ,RAFIGANJ,24.8196869,84.6346164
RGDA,RAYAGADA,19.1753646,83.41068
RGH,RAMGARHWA,26.8739737,84.7975561
RGL,RENGALI,21.6360466,84.0424879
RGO,ROTEGAON,19.9554395,74.7583238
RGS,RINGAS JN,,
RHG,RAJGARH,27.2422285,76.6068271
RHMA,RAHAMA,20.2983235,86.404877
RIG,RAIGARH,21.8910999,83.3899236
RIGA,RIGA,26.6429298,85.4284373
RJK,RAJA KA SAHASPR,,
RJN,RAJNANDGAON,21.1008927,81.0384927
RJP,RAZAMPETA,14.1856468,79.1523043
RJPB,RAJENDRA NAGAR TERMINAL,25.6030071,85.1623451
RJR,RAJALDESAR,28.0335422,74.4779737
RJT,RAJKOT,22.3124309,70.80255
RJY,RAJAMUNDRY,18.1125133,83.4115602
RK,ROORKEE,29.8520559,77.8748206
RKB,RAIKA BAGH,26.2885803,73.0396384
RKMP,RANI KAMALAPATI,23.2212714,77.4383506
RLP,HARLAPUR,15.4355595,75.7998678
RMA,RAMGANJ MANDI JUNCTION,24.6439969,75.9399319
RMD,RAMANATHAPURAM,9.3588632,78.8375276
RMJK,RAM NAGAR,26.9017784,75.7746534
RMM,RAMESWARAM,9.2819518,79.3090043
RMT,RAMGARH CANTT,23.6174376,85.5185557
RMU,RAMPUR,25.3442458,88.630823
RN,RATNAGIRI,17.0028514,73.3583394
RNC,RANCHI,23.3493186,85.3355688
RNG,RANIGANJ,23.6030452,87.1193786
RNL,RANALA,21.3781131,74.4586802
RNQ,RENUKUT,24.2032305,83.0400348
RNR,RANIBENNUR,14.625888,75.6357245
RNT,RANTHAMBHORE,26.0312499,76.4906652
RNV,RANIWARA,24.7509041,72.2046692
RNY,RANGIYA JN.,,
ROHA,ROHA,18.44658,73.1238722
ROK,ROHTAK JN,,
ROU,ROURKELA,22.2277166,84.8631585
RPAN,RANGAPARA NORTH,26.821728,92.6829469
RPAR,RUPNAGAR,30.9725363,76.5331576
RPH,RAMPUR HAT,,
RPJ,RAJPURA JN,,
RPO,RAWATPUR,26.4828664,80.3000734
RPR,RAGHUNATHPUR,25.5651559,84.3059563
RPZ,RANA PRATAP NAGAR,17.458537,78.4199076
RRB,BIRUR JN,,
RSNR,RAI SINGH NAGAR,29.5372785,73.4505515
RSR,RASRA,25.8618553,83.8577938
RTA,RUTHIYAI JUNCTION,24.5346321,77.1798921
RTGH,RATANGARH JN,28.0659019,74.5852923
RTM,RATLAM JN,,
RU,RENIGUNTA JN,,
RUPC,RUDRAPUR CITY,28.9695395,79.3797979
RUSD,RUNNISAIDPUR,,
RV,RAVER,21.2222313,76.0444182
RVK,RAJA BHAT KHAWA,26.6198167,89.5290712
RWJ,RAWANIA DUNGAR,,
RXL,RAXAUL JN,,
SA,SALEM JN,,
SAG,SANGRUR,30.2424006,75.8303715
SAH,SAPHALE,19.5771316,72.8218812
SAHI,SATHI,27.0158533,84.5040314
SALE,SALAR,23.774701,88.1111352
SANG,SAIRANG,23.7981904,92.6512294
SAP,SATTENAPALLE,16.3925393,80.1489341
SASN,SAHIBZADA AJIT SINGH NAGAR,30.6908804,76.7114879
SAU,SANAND,23.0238876,72.3851475
SBB,SAHIBABAD,28.6676672,77.3681893
SBC,KSR BENGALURU,12.9781739,77.5695603
SBDR,SONBHADRA,24.683185,83.0780843
SBG,SAHIBGANJ JN,,
SBIB,SABARMATI BG,23.0839931,72.5876185
SBP,SAMBALPUR JN.,,
SBT,SABARMATI JN,,
SC,SECUNDERABAD JN,,
SDAH,SEALDAH,22.5673793,88.3710192
SDDN,SIDDHARTH NAGAR,27.27547,83.0880597
SDF,SUDSAR,28.0124512,73.7863471
SDGH,SRI DUNGARGARH,28.0928483,74.0113994
SDGM,SARDARGRAM,23.0715012,72.6424393
SDL,SHAHDOL,23.2859237,81.3648409
SDLP,SADULPUR JN,,
SEE,SONPUR,25.6972618,85.1669651
SEG,SHEGAON,20.8007513,76.6905257
SEGM,SEVAGRAM,20.7391912,78.6185535
SEH,SEHORE,23.2147418,77.0782892
SELU,SELU,19.4483351,76.4334798
SEM,SEDAM,17.1812073,77.2856943
SEO,SEOHARA,29.204564,78.5805278
SES,SEMARI,24.0700696,73.8418371
SFMU,SUNAM UDHAM SINGH WALA,30.1299974,75.8082921
SFY,SHAJAPUR,23.4253101,76.2978867
SGAC,SOGARIYA,25.2301098,75.9014329
SGG,SULTANGANJ,25.2414966,86.7349906
SGL,SAGAULI JN,,
SGLA,SANGOLA,17.4367612,75.1881756
SGNR,SHRI GANGANAGAR,29.9007412,73.886223
SGO,SAUGOR,23.8479244,78.7432224
SGRL,SINGRAULI,24.2048552,82.642887
SGUJ,SILIGURI JN,,
SGZ,SHAMGARH,24.1920321,75.6429568
SHBL,SHIBLUN,,
SHG,SHAHGANJ JN,,
SHM,SHALIMAR,22.5551538,88.3153898
SHRN,SANT HIRDARAM NAGAR JUNCTION,,
SHSK,SAHARSRAKUND,,
SIKR,SIKAR JN,,
SINA,SRI NAGAR,25.8835934,82.4490253
SINI,SINI JN,,
SIOB,SAMAKHIALI B G,,
SIP,SURAIMANPUR,25.8083103,84.4812711
SIR,SIRHIND JN,,
SJP,SHUJALPUR,23.3805757,76.7232104
SJS,SHAMLAJI ROAD,23.6344945,73.3426997
SJWB,SUMERPUR JAWAI BANDH,25.151072,73.081602
SKA,SIKANDRA RAO,27.6843706,78.3883146
SKGH,SAKTESGARH,24.9992931,82.8215572
SKI,SAKRI JN,,
SKN,SRIKRISHN NAGAR,,
SKP,SHANKARPALLI,17.4505553,78.1307931
SKT,SAKTI,22.0119045,82.955565
SKTN,SHAKTINAGAR,18.2970851,77.5805015
SKZR,SIRPUR KAGHAZNAGAR,19.3522566,79.4882912
SLB,SALBONI,22.6396493,87.3213721
SLF,SILLI,23.3516752,85.8282931
SLGE,SULERJAVALGE,17.4600884,75.9740102
SLGR,SIMALUGURI JN,,
SLI,SANGLI,16.8584407,74.5880836
SLN,SULTANPUR,28.4991235,77.1613745
SLO,SAMALKOT JN,,
SLW,SOHWAL,26.5859331,82.048289
SMAE,SAMUDRA GARH,23.3357628,88.3248657
SMBL,SIMBHOOLI,,
SME,SHIMOGA,13.9437623,75.5835775
SMET,SHIMOGA TOWN,13.9437623,75.5835775
SMI,SITAMARHI JUNCTION,,
SMP,SHAMBHUPURA,24.7706143,74.6417397
SMPA,SHYAMPURA,25.24703,75.2719323
SMR,SAMDHARI JN,,
SMVB,SMVT BENGALURU,12.9997072,77.6408081
SMVJ,SHRI MAHAVEERJI,26.6971858,76.9109619
SNAR,SRINAGAR,30.2298536,78.7720038
SNGN,SANGANER,26.8146217,75.7731874
SNK,SINDKHEDA,21.2443624,74.723972
SNP,SONIPAT,28.9898429,77.0171182
SNPR,SINGARPUR,27.1176257,77.7285844
SNSI,SAINAGAR SHIRDI,19.7805998,74.4806623
SNT,SAINTHIA,23.9505039,87.6810619
SOAE,SOMRA BAZAR,23.1384525,88.4330039
SOG,SURATGARH JN,,
SOP,SHIUPUR,24.9448183,84.1451883
SOQ,SOMPUR ROAD,15.4217137,75.8736581
SOS,SOMESAR,25.5199369,73.4503383
SPE,SULLURUPETA,13.6968547,80.0186228
SPGR,SAMPIGE ROAD,13.2709635,76.762269
SPJ,SAMASTIPUR JN,,
SPN,SHAHJAHANPUR JN.,,
SPT,SOMPETA,18.9809076,84.5815746
SPV,SIVAPUR,13.6704657,75.9283506
SRC,SANTRAGACHI JN,,
SRE,SAHARANPUR JN.,,
SRGH,SURAJGARH,28.297926,75.7311124
SRGM,SRIRANGAM,10.8577026,78.6959617
SRID,SRIDHAM,,
SRJ,SHANKARGARH,25.1803985,81.6141328
SRO,SIRATHU,25.6488883,81.320152
SRR,SHORANUR JN,,
SRT,SATUR,25.472026,75.5594158
SRTL,CHERTHALA,9.6906983,76.3259977
SRTN,SIBSAGAR TOWN,26.9902574,94.6432322
SRU,SALEMPUR JN,,
SRW,SHRI KARANPUR,29.8432137,73.4583985
SSA,SIRSA,29.5389302,75.0356812
SSB,SHAKURBASTI,28.6814073,77.1275679
SSD,SHAMSABAD,27.4696663,79.4380567
SSM,SASARAM,24.9565107,84.0189153
SSNH,SHRI SHARADA NAGAR,12.929597,77.5343709
SSPN,SAI P NILAYAM,,
SSW,SARSAWA,30.023901,77.4238978
ST,SURAT,21.2050556,72.8406854
STA,SATNA,24.5677309,80.8286814
STKT,SASTHANKOTTA,,
STN,SITARAMPUR,23.7246397,86.8963746
STP,SITAPUR JN.,,
STR,SATARA,17.6883359,74.0631835
SUJH,SUJANGARH,27.709355,74.4642899
SUNR,SURENDRANAGAR,22.7443837,71.6289059
SUR,SOLAPUR JN,,
SV,SIWAN JN,,
SVA,SUWASRA,24.0700426,75.6488577
SVDK,SHRI MATA VAISHNO DEVI KATRA,32.9830373,74.934995
SVGA,SIVAGANGA,9.8552401,78.500591
SVPI,SHIVPURI,25.4380842,77.6381522
SVQ,SIVOK,26.880391,88.4691781
SVZ,SARAI HARKHU,,
SWM,SAWAI MADHOPUR JN,,
SWNI,SIWANI,28.9152694,75.6048651
SWRT,SAHAWAR TOWN,,
SWV,SAWANTWADI ROAD,15.8664634,73.785083
SZM,SUBZI MANDI,28.6355124,77.3214822
TA,TANUR,10.9780888,75.881498
TATA,TATANAGAR JN,,
TBAE,TRIBENI,22.990303,88.3982606
TBH,TATIBAHAR,26.980337,93.819799
TBM,TAMBARAM,12.9293586,80.1206329
TBN,TIMARNI,22.3762705,77.2301922
TCR,THRISUR,10.5312983,76.2199405
TDD,TADEPALLIGUDEM,16.8102437,81.526592
TDL,TUNDLA JN,,
TDPR,TIRUPPADIRIPULIYUR,,
TDU,TANDUR,17.2509364,77.5841263
TEA,TAREGNA,25.3537065,85.0371858
TEL,TENALI JN,,
TEN,TIRUNELVELI JN,,
TET,TETULMARI,23.8145805,86.3432257
TGN,TALEGAON,18.7367437,73.6705457
THA,TEHTA,25.1125345,84.9849672
THE,THAWE JN,,
THEA,THALERA,25.3156407,75.7373353
THVM,THIVIM,15.6294585,73.8770088
TIG,TITLAGARH,20.2853019,83.1535757
TIR,TIRUR,10.9178187,75.9217456
TIS,TATISILWAI,23.3699409,85.436613
TISI,TISI,21.3828536,74.3681073
TK,TUMKUR,13.0231404,77.5504068
TKE,TARIKERE JN,,
TKG,THAKURGANJ,26.4274675,88.1289535
TKHE,TAKARKHEDE,21.0358058,75.1644337
TKJ,TILAK BRIDGE,28.6283536,77.2368627
TKMG,TIKAMGARH,24.7665639,78.8403957
TKR,TAKARI,17.1330025,74.3582285
TKWD,TIKEKARWADI,17.6155017,75.9336805
TLC,TALCHHAPAR,27.8261121,74.4872042
TLD,TILDA,21.5506694,81.7948676
TLH,TILHAR,27.9728281,79.7420096
TLHD,TALCHER ROAD,20.8867714,85.2083046
TLR,TULSIPUR,27.5318766,82.4090082
TLY,THALASSERY,11.7537453,75.492465
TMR,TUMSAR ROAD,21.3421773,79.7511434
TMZ,TAMLUK,22.2746481,87.9201158
TNA,THANE,19.1846144,72.9710278
TNGL,TORANAGALLU,15.2029326,76.6631417
TNL,TANGLA,26.6571914,91.9052083
TNM,TIRUVANNAMALAI,12.2384579,79.0778617
TORI,TORI,23.6812435,84.7400905
TPJ,TIRUCHCHIRAPPALLI JN.,,
TPT,TIRUPATTUR JN,,
TPTY,TIRUPATI,13.6282907,79.4195276
TPU,TANAKPUR,29.0673789,80.1094626
TPZ,TAPRI,29.9158643,77.583568
TRK,TIRUKKOVILUR,11.9757138,79.223494
TRL,TIRUVALLUR,13.1161924,79.9121601
TRT,TIRUTTANI,13.1792949,79.6121808
TRVL,TIRUVALLA,9.3811277,76.7640012
TSK,TINSUKIA JN.,,
TTP,TIRUTURAIPUNDI JN,,
TTR,TIPTUR,13.2557594,76.4756333
TU,TADIPATRI,14.9084903,77.9774192
TUA,TIRUNNAVAYA,10.8749747,75.9853334
TUP,TIRUPPUR,11.1082216,77.3398693
TUVR,TURAVUR,9.7749279,76.3102752
TVC,THIRUVANANTHAPURAM CENTRAL,8.4870167,76.9526408
TVCN,THIRUVANANTHAPURAM NORTH,8.5103341,76.8970471
TVL,TADWAL,17.39303,75.9760337
TVR,THIRUVARUR JN,,
TYAE,TENYA,23.8234552,88.1498232
UBC,AMBALA CITY,30.3780749,76.7646449
UBL,SSS HUBBALLI JN,,
UBR,UMBARGAM ROAD,,
UD,UDUPI,13.3360985,74.770758
UDGR,UDGIR,18.3908529,77.1098789
UDL,ANDAL JN.,,
UDN,UDHNA JN,,
UDT,UDUMALAIPPETTAI,10.5792623,77.2503971
UDZ,UDAIPUR CITY,24.5674934,73.699553
UGR,UGAR KHURD,16.6701203,74.8210318
UHL,UNA HIMACHAL,31.4787354,76.2750706
UJA,UNJHA,23.7968484,72.3818955
UJN,UJJAIN JN,,
ULG,UDALGURI,26.7445958,92.0971834
ULT,KULTI,23.7381419,86.8485147
UMB,AMBALA CANT JN,,
URD,UNTARE ROAD,,
URI,URULI,18.4937197,74.1369658
URML,UPRAMAL,25.2749088,75.3284959
USD,UKAI SONGADH,21.1488134,73.5570441
VAK,VARKALA,8.7406369,76.723134
VAPI,VAPI,20.3735482,72.9084376
VBL,BOBBILI,18.5764158,83.3460539
VDG,VADNAGAR,23.7853622,72.6332132
VG,VIRAMGAM JN,,
VGLJ,VIRANGANA LAKSHMIBAI JHANSI JN,,
VKB,VIKARABAD JN,,
VKH,VIKHRAN,21.2953523,74.6296978
VKI,VENKATAGIRI,13.9442505,79.6044871
VLI,VALLIKUNNU,11.0924175,75.8511454
VLR,VELLORE CANTONMENT,12.910651,79.1278469
VM,VILLUPURAM JN,,
VMA,VIKRAMGARH ALOT,23.7647133,75.5385285
VN,VANIYAMBADI,12.679344,78.6227478
VNE,VISHWANATH CHARIALI,,
VNR,DEVANUR,13.4354386,76.0928931
VPT,VIRUDUNAGAR JN,,
VRI,VRIDDHACHALAM JN,,
VRL,VERAVAL,20.9134138,70.3710602
VS,VISHVAMITRI JN.,22.2840125,73.1794959
VSKP,VISAKHAPATNAM,17.7228599,83.2908589
VSU,BISHNUPUR,23.0648196,87.3013608
VVM,VIRAVASARAM,,
VYA,VYARA,21.1176744,73.3857702
VZM,VIZIANAGRAM JN,,
WADI,WADI JN.,,
WANI,WANI,20.0665702,78.9606252
WDL,WANDAL,16.4164627,75.8645412
WHM,WASHIM,20.1028999,77.1480619
WKI,WADAKANCHERI,10.6513451,76.2396882
WKR,WANKANER JN,,
WL,WARANGAL,17.9732956,79.6056068
WR,WARDHA JN,,
WRR,WARORA,20.2423655,79.0110137
WSA,WADSA,20.6239972,79.9630517
YA,YERRAGUNTLA,14.6435681,78.5338218
YG,YADGIR,16.7446491,77.1297018
YJUD,YAMUNANAGAR JAGADHRI,30.117322,77.2876637
YLG,YALVIGI,,
YNK,YELAHANKA JN.,,
YPR,YESVANTPUR JN.,,
ZB,ZAHIRABAD,17.6758253,77.6106926
ZBD,ZAFARABAD JN,,
ZN,JANGAON,17.7240313,79.1537103
ZW,ZAWAR,24.3584514,73.7317883
